export_date,playerid,is_generated,firstname,lastname,commonname,display_name,jerseyname,birthdate,age,nationality,gender,preferredfoot,preferredposition1,preferredposition2,preferredposition3,preferredposition4,preferredposition5,preferredposition6,preferredposition7,role1,role2,role3,role4,role5,overallrating,potential,internationalrep,pacdiv,shohan,paskic,driref,defspe,phypos,gkdiving,gkhandling,gkkicking,gkpositioning,gkreflexes,crossing,finishing,headingaccuracy,shortpassing,volleys,defensiveawareness,standingtackle,slidingtackle,dribbling,curve,freekickaccuracy,longpassing,ballcontrol,shotpower,jumping,stamina,strength,longshots,acceleration,sprintspeed,agility,reactions,balance,aggression,composure,interceptions,positioning,vision,penalties,trait1,trait2,icontrait1,icontrait2,skillmoves,skillmoveslikelihood,weakfootabilitytypecode,height,weight,contractvaliduntil,playerjointeamdate,isretiring,teamid,teamname,jerseynumber,squad_position,leagueid,leaguename,league_level,form,injury,leagueappearances,leaguegoals,leaguegoalsprevmatch,leaguegoalsprevthreematches,yellows,reds,istopscorer,isamongtopscorers,isamongtopscorersinteam
28_09_2025,460013,1,,,,Asbjørn Jakobsen,,154164,20,13,0,1,7,-1,-1,-1,-1,-1,-1,47,10,0,0,0,82,90,1,0,0,0,0,0,0,12,4,16,18,13,83,64,73,81,56,77,71,71,84,81,62,76,82,73,71,85,77,53,83,78,83,75,74,84,83,83,71,79,58,71503872,0,67112960,0,4,3,4,178,75,2027,161697,0,1331,Denmark,23,7,78,Men's National,5,3,0,0,0,0,0,0,0,0,0,0
28_09_2025,460054,1,,,,Steven Rousset,,155862,16,18,0,1,3,7,-1,-1,-1,-1,-1,5,0,0,0,0,72,97,1,0,0,0,0,0,0,20,22,23,19,18,70,45,62,68,45,69,61,70,72,54,47,55,74,51,64,81,64,44,87,81,79,82,74,68,57,68,56,57,49,33570816,0,33554432,0,4,4,5,171,68,2028,161755,0,115486,*TeamName_Abbr15_115486,19,28,13,Premier League,1,0,0,0,0,0,0,0,0,0,0,0
28_09_2025,460012,1,,,,Marcel Bosman,,154634,19,34,0,2,5,7,-1,-1,-1,-1,-1,12,48,8,0,0,77,90,1,0,0,0,0,0,0,3,11,16,10,13,46,31,74,68,30,77,72,74,59,33,43,68,66,55,78,65,81,39,52,63,48,74,54,78,62,71,45,43,53,98304,0,0,0,3,3,4,181,75,2032,160967,0,115486,*TeamName_Abbr15_115486,20,29,13,Premier League,1,0,0,0,0,0,0,0,0,0,0,0
28_09_2025,460018,1,,,,Elvis Clemente,,155675,16,54,0,1,27,-1,-1,-1,-1,-1,-1,38,40,39,0,0,86,94,1,0,0,0,0,0,0,21,21,19,23,18,74,87,53,81,62,54,50,48,81,64,59,79,88,78,79,86,79,72,98,99,98,69,81,64,80,54,86,82,75,106954787,768,35651618,0,4,4,5,167,60,2030,161755,0,115486,*TeamName_Abbr15_115486,15,28,13,Premier League,1,0,0,0,0,0,0,0,0,0,0,0
28_09_2025,460033,1,,,,José Roberto Neves,,155676,16,54,0,2,27,-1,-1,-1,-1,-1,-1,39,38,0,0,0,77,96,1,0,0,0,0,0,0,23,18,22,19,20,66,67,55,85,59,45,47,42,78,58,55,63,78,64,63,74,65,66,89,98,98,66,80,53,57,47,72,76,57,305144000,0,0,0,2,0,5,175,65,2027,161755,0,112264,*TeamName_Abbr15_112264,99,29,2028,World League,7,0,0,0,0,0,0,0,0,0,0,0
28_09_2025,70004,0,,,,Senny Mayulu,,154713,19,18,0,2,14,25,10,-1,-1,-1,-1,18,43,0,0,0,76,86,1,75,72,73,78,58,58,5,10,10,6,6,63,74,52,78,59,47,69,45,78,75,54,74,82,80,61,75,49,69,76,74,76,73,70,58,78,70,80,76,56,16777216,0,0,0,2,2,5,183,69,2027,161164,0,73,Paris SG,24,28,16,Ligue 1 McDonald's,1,3,0,0,3,0,0,0,0,0,0,0
28_09_2025,70037,0,,,,Francis Onyeka,,155060,18,21,0,2,18,14,25,-1,-1,-1,-1,31,19,42,0,0,67,85,1,66,63,63,70,47,58,6,9,15,12,11,61,68,56,70,57,50,51,55,73,58,56,65,70,62,64,62,60,59,67,67,72,60,65,44,63,30,62,62,66,0,0,0,0,2,2,4,186,72,2027,161391,0,160,VfL Bochum 1848,21,18,20,Bundesliga 2,2,2,0,0,8,0,0,0,0,0,0,1
28_09_2025,70145,0,,,,Momoko Tanikawa,,154338,20,163,1,1,18,12,14,-1,-1,-1,-1,31,32,26,0,0,76,86,1,71,70,71,76,52,66,15,7,11,11,9,59,76,45,75,54,48,55,39,77,64,63,73,82,65,63,71,68,65,69,73,75,70,64,54,60,63,78,76,69,1048576,0,0,0,2,3,5,169,57,2029,161341,0,115995,FC Bayern München,18,28,2215,GPFBL,1,3,0,0,8,0,0,0,0,0,0,1
28_09_2025,70496,0,,,,Noah Adedeji-Sternberg,,154381,20,7,0,1,16,27,-1,-1,-1,-1,-1,27,29,39,0,0,70,85,1,88,66,62,72,24,53,14,13,12,13,7,55,69,38,66,64,20,28,17,77,72,65,53,71,68,64,53,62,62,87,89,80,67,64,29,59,22,66,66,58,128,0,0,0,2,3,3,183,68,2030,161178,0,673,KRC Genk,32,16,4,1A Pro League,1,3,0,0,1,0,0,0,0,0,0,0
28_09_2025,70497,0,,,,Konstantinos Karetsas,,155264,17,22,0,2,18,23,14,-1,-1,-1,-1,31,33,36,0,0,75,86,1,76,69,74,80,24,49,11,12,11,6,9,69,70,26,76,62,18,32,23,80,80,70,74,80,71,53,66,49,76,86,70,89,58,89,28,71,21,63,75,57,5242880,0,0,0,2,3,4,171,62,2029,161178,0,673,KRC Genk,20,18,4,1A Pro League,1,5,0,0,0,0,0,0,0,0,0,0
28_09_2025,70803,0,,,,Anaïs Ebayilin,,155292,17,18,1,1,14,10,-1,-1,-1,-1,-1,19,18,0,0,0,73,86,1,48,65,70,74,62,60,12,7,7,13,6,60,65,55,77,55,58,66,60,78,53,60,76,79,66,61,61,64,66,51,46,60,68,62,50,56,66,70,72,56,0,0,0,0,1,1,3,167,62,2026,161203,0,116034,Paris SG,26,28,2218,Arkema PL,1,3,0,0,0,0,0,0,0,0,0,0
28_09_2025,70888,0,,,,Anan Khalaili,,154092,21,26,0,1,12,3,23,-1,-1,-1,-1,23,26,6,0,0,78,86,1,83,71,70,80,66,72,11,15,8,13,6,76,80,59,71,68,66,70,67,81,71,52,68,82,70,77,82,66,64,81,85,81,67,79,72,67,66,72,72,53,8192,0,0,0,3,3,4,183,77,2028,161333,0,2014,R. Union St.-G.,25,12,4,1A Pro League,1,5,0,0,3,0,0,0,0,0,0,0
28_09_2025,70903,0,,,,Alex Tóth,,154507,19,23,0,1,14,10,-1,-1,-1,-1,-1,18,0,0,0,0,72,85,1,69,68,74,71,66,63,9,8,9,12,13,75,68,51,76,58,69,70,68,74,81,69,75,75,72,63,69,58,71,71,69,68,70,59,70,58,65,65,73,58,4096,0,0,0,1,1,3,181,70,2031,161901,0,1886,Hungary,27,11,78,Men's National,5,3,0,0,0,0,0,0,0,0,0,0
28_09_2025,71178,0,,,,Said El Mala,,154814,19,21,0,1,16,18,25,27,-1,-1,-1,30,27,32,43,0,75,86,1,82,73,65,81,39,64,14,13,12,14,9,62,80,41,71,63,42,37,39,86,70,46,59,76,79,68,65,68,71,83,82,86,74,84,51,68,39,74,67,53,1048640,0,0,0,3,3,4,187,80,2030,161333,0,31,1. FC Köln,13,19,19,Bundesliga,1,4,0,0,9,0,0,0,0,0,0,1
28_09_2025,71305,0,,,,Joaquin Seys,,154298,20,7,0,2,7,3,16,-1,-1,-1,-1,9,8,5,0,0,74,87,1,81,54,70,72,68,68,12,15,14,10,12,76,61,54,77,63,69,71,72,70,66,31,68,77,56,73,73,66,35,82,81,79,64,76,64,69,68,68,69,41,0,0,0,0,1,1,4,178,63,2030,161734,0,450,Celta,3,16,53,LALIGA EA SPORTS,1,3,0,0,2,0,0,0,0,0,0,0
28_09_2025,71350,0,,,,Joane Gadou,,154958,18,18,0,1,5,-1,-1,-1,-1,-1,-1,12,0,0,0,0,67,85,1,70,33,44,41,66,72,14,6,9,13,11,26,30,70,63,28,64,68,64,27,34,27,58,58,49,80,64,80,28,68,74,49,60,49,63,46,65,25,31,39,1024,0,0,0,1,1,2,195,78,2029,161466,0,191,RB Salzburg,23,6,80,Ö. Bundesliga,1,3,0,0,0,0,0,0,0,0,0,0
28_09_2025,71351,0,,,,Jorthy Mokio,,155366,17,7,0,2,10,14,7,-1,-1,-1,-1,17,14,18,8,0,70,88,1,70,51,64,72,68,66,7,13,7,10,9,58,57,59,73,46,71,72,70,75,36,22,71,74,53,73,59,74,47,69,70,65,66,65,51,72,67,24,68,41,0,0,0,0,1,1,4,183,72,2027,161333,0,245,Ajax,24,28,10,Eredivisie,1,4,0,0,2,0,0,0,0,0,0,0
28_09_2025,71418,0,,,,Bazoumana Touré,,154637,19,108,0,2,16,18,27,-1,-1,-1,-1,30,27,31,39,0,76,86,1,91,62,66,79,29,52,5,8,12,6,9,72,67,48,72,49,23,36,25,84,59,35,65,76,64,66,67,51,59,90,92,87,67,85,36,56,22,68,66,46,33554432,0,0,0,3,3,3,175,68,2029,161548,0,10029,TSG Hoffenheim,29,27,19,Bundesliga,1,4,0,0,2,0,0,0,0,0,0,0
28_09_2025,71532,0,,,,Kees Smit,,154596,19,34,0,1,18,14,10,-1,-1,-1,-1,31,20,16,0,0,74,88,1,65,62,73,79,63,68,9,9,10,12,7,66,60,52,79,58,63,65,63,81,78,56,72,79,64,67,79,65,64,73,59,78,72,76,64,79,64,68,78,66,5244928,0,0,0,3,2,4,180,66,2028,160966,0,1906,AZ,26,15,10,Eredivisie,1,5,0,0,3,0,0,0,0,0,0,1
28_09_2025,71651,0,,,,Josh Acheampong,,154701,19,14,0,1,5,3,10,-1,-1,-1,-1,12,4,14,0,0,73,85,1,76,50,66,69,73,73,5,15,13,9,10,65,45,71,70,44,75,73,72,71,60,46,66,71,62,84,67,76,55,75,77,66,70,63,73,69,72,60,65,46,0,0,0,0,1,1,3,190,85,2029,161153,0,457,Real Sociedad,26,29,53,LALIGA EA SPORTS,1,3,0,0,1,0,0,0,0,0,0,0
28_09_2025,72093,0,,,,Martim Fernandes,,154594,19,38,0,1,3,12,-1,-1,-1,-1,-1,6,5,0,0,0,76,86,1,81,56,70,75,71,65,13,8,13,11,7,75,43,55,77,53,75,75,74,76,63,50,63,76,75,72,74,59,66,82,81,79,75,66,67,66,69,72,70,58,4096,0,0,0,1,2,2,181,73,2030,161759,0,231,Club Brugge,2,29,4,1A Pro League,1,4,0,0,1,0,0,0,0,0,0,0
28_09_2025,72159,0,,,,Mikey Moore,,155164,18,14,0,1,27,16,18,-1,-1,-1,-1,38,40,30,33,0,74,87,1,76,68,72,75,35,54,6,6,5,10,14,73,75,53,75,53,38,33,27,77,71,57,66,75,69,63,65,54,69,79,76,77,69,76,41,73,29,70,75,57,16777216,0,0,0,2,2,4,180,75,2030,161273,0,86,Rangers,47,18,50,Scottish Prem,1,2,0,0,5,0,0,0,0,0,0,1
28_09_2025,72705,0,,,,Eunate Astralaga,,154545,19,45,1,1,0,-1,-1,-1,-1,-1,-1,1,0,0,0,0,78,89,1,78,76,75,77,45,74,80,78,76,74,77,18,10,26,30,15,12,23,17,16,16,18,20,21,56,71,31,72,11,46,45,42,73,51,25,37,10,10,41,20,0,0,0,0,0,0,2,186,70,2026,161411,0,116331,SD Eibar,1,0,2222,Liga F Moeve,1,2,0,0,0,0,0,0,0,0,0,0
28_09_2025,72997,0,,,,Rodrigo Mora,,155066,18,38,0,1,18,27,14,25,-1,-1,-1,32,31,39,20,0,77,89,1,77,66,75,80,40,41,8,14,11,6,8,72,71,40,79,66,42,45,36,78,84,56,71,81,61,49,59,33,67,81,74,85,79,92,41,73,33,75,78,62,9445505,0,0,0,3,3,4,168,56,2030,160967,0,236,FC Porto,86,28,308,Liga Portugal,1,3,0,0,1,0,0,0,0,0,0,0
28_09_2025,73884,0,,,,Christos Mouzakitis,,154935,18,22,0,2,14,18,10,-1,-1,-1,-1,18,0,0,0,0,73,86,1,70,63,74,74,62,66,14,9,5,11,13,70,61,52,80,60,65,62,61,73,74,66,71,76,65,66,74,63,71,72,68,79,73,76,64,69,66,66,77,55,4195328,0,0,0,2,2,3,175,67,2029,161333,0,280,Olympiacos FC,96,11,76,Men's ROW,4,3,0,0,0,0,0,0,0,0,0,0
28_09_2025,73885,0,,,,Charalampos Kostoulas,,155068,18,22,0,1,25,18,12,-1,-1,-1,-1,41,0,0,0,0,74,85,1,86,69,61,74,41,77,10,13,14,7,7,45,74,72,72,68,40,43,34,75,62,40,63,77,70,90,74,81,60,84,87,73,69,73,71,71,34,70,63,72,0,0,0,0,2,2,3,185,75,2030,161698,0,1808,Brighton,19,28,13,Premier League,1,3,0,0,2,0,0,0,0,0,0,1
28_09_2025,73921,0,,,,Nathan De Cat,,155507,17,7,0,1,10,14,-1,-1,-1,-1,-1,14,49,0,0,0,68,87,1,62,48,63,65,66,68,5,6,13,13,11,55,46,65,70,40,65,69,65,63,43,44,71,69,62,69,72,69,41,60,63,59,63,69,62,71,65,60,64,55,0,0,0,0,1,1,3,192,86,2027,161698,0,229,RSC Anderlecht,74,9,4,1A Pro League,1,3,0,0,3,0,0,0,0,0,0,1
28_09_2025,74395,0,,,,Laura Sánchez,,154711,19,45,1,1,0,-1,-1,-1,-1,-1,-1,1,0,0,0,0,75,85,1,74,75,65,72,31,72,74,76,67,73,73,13,10,21,25,10,10,21,22,14,16,17,20,21,49,55,24,51,9,33,32,30,75,51,25,23,15,12,30,20,0,4,0,0,0,0,2,170,60,2030,161372,0,131391,Granada CF,1,0,2222,Liga F Moeve,1,4,0,0,0,0,0,0,0,0,0,0
28_09_2025,74413,0,,,,Harrison Armstrong,,154960,18,14,0,1,14,10,-1,-1,-1,-1,-1,18,14,0,0,0,73,85,1,69,64,70,72,68,73,8,7,14,12,7,59,62,60,75,59,69,71,72,73,66,54,75,74,71,70,82,69,65,66,71,67,74,65,74,76,69,70,73,52,0,0,0,0,1,1,3,185,70,2027,161333,0,7,Everton,45,28,13,Premier League,1,3,0,0,0,0,0,0,0,0,0,0
28_09_2025,74449,0,,,,Ibrahim Mbaye,,155330,17,136,0,1,23,27,12,-1,-1,-1,-1,35,37,38,0,0,74,85,1,89,63,63,78,28,51,15,14,7,9,9,64,64,39,69,56,26,29,26,79,61,49,53,78,71,61,58,48,60,91,88,85,73,78,47,70,24,72,66,56,34603008,0,0,0,2,2,3,176,65,2026,161379,0,73,Paris SG,49,29,16,Ligue 1 McDonald's,1,3,0,0,1,0,0,0,0,0,0,0
28_09_2025,74463,0,,,,Marc Bernal,,155087,18,45,0,2,10,14,-1,-1,-1,-1,-1,16,14,20,0,0,75,86,1,68,59,71,74,70,71,12,8,7,14,5,63,63,52,78,49,70,75,74,74,63,54,75,76,57,68,64,75,56,66,70,73,75,72,73,71,72,67,73,52,0,2048,0,0,1,1,3,193,84,2029,160967,0,88,Birmingham City,15,29,14,EFL Championship,2,4,0,0,2,0,0,0,0,0,0,0
28_09_2025,74566,0,,,,Samuel Mbangula,,153861,21,7,0,1,16,27,-1,-1,-1,-1,-1,27,28,39,0,0,74,85,1,79,71,66,77,35,55,14,10,14,15,11,72,72,59,69,74,33,33,35,80,70,70,60,78,73,62,74,46,67,76,83,70,73,77,55,61,31,72,61,66,0,0,0,0,3,2,3,179,65,2030,161720,0,38,SV Werder Bremen,7,28,19,Bundesliga,1,3,0,0,3,0,0,0,0,0,0,1
28_09_2025,75055,0,,,,Jesús Rodríguez,,154536,19,45,0,1,16,12,27,-1,-1,-1,-1,30,27,26,0,0,76,85,1,80,69,71,78,37,59,8,11,14,8,7,74,71,60,72,65,29,39,39,82,70,56,69,79,72,76,65,60,66,83,78,83,71,61,47,70,33,72,75,61,0,0,0,0,2,3,3,185,68,2029,161699,0,1745,Como,17,16,31,Serie A Enilive,1,4,0,0,1,0,0,0,0,0,0,0
28_09_2025,75087,0,,,,Ayden Heaven,,154841,19,14,0,2,5,-1,-1,-1,-1,-1,-1,11,0,0,0,0,73,85,1,69,31,57,65,73,72,6,9,6,7,8,43,27,72,72,30,74,74,73,66,50,33,60,65,39,83,66,76,31,70,69,58,72,53,70,71,73,35,55,42,0,0,0,0,1,1,3,189,84,2029,161548,0,463,D. Alavés,2,29,53,LALIGA EA SPORTS,1,3,0,0,0,0,0,0,0,0,0,0
28_09_2025,75108,0,,,,Veerle Buurman,,154687,19,34,1,2,5,-1,-1,-1,-1,-1,-1,11,0,0,0,0,70,86,1,66,35,51,52,71,65,13,12,10,10,6,34,36,70,69,27,68,75,71,38,35,33,56,70,38,71,64,65,31,64,68,47,63,60,66,61,71,31,42,47,0,0,0,0,1,1,3,173,60,2028,161733,0,116010,Chelsea,5,29,2216,Barclays WSL,1,3,0,0,0,0,0,0,0,0,0,0
28_09_2025,75725,0,,,,Cathinka Tandberg,,154015,21,36,1,1,25,-1,-1,-1,-1,-1,-1,44,42,0,0,0,72,86,1,75,74,57,70,38,72,5,11,14,14,14,41,77,69,66,68,34,39,32,70,63,58,45,72,73,79,69,75,72,73,77,65,60,71,67,69,31,73,64,61,0,0,0,0,2,1,3,176,65,2028,161767,0,116011,Tottenham,19,25,2216,Barclays WSL,1,2,0,0,6,0,0,0,0,0,1,1
28_09_2025,75726,0,,,,Signe Gaupset,,154380,20,36,1,1,14,18,10,-1,-1,-1,-1,18,31,0,0,0,72,85,1,75,73,71,75,55,70,10,12,12,9,14,60,73,48,75,63,44,68,53,76,70,68,71,78,83,71,75,73,70,77,73,68,66,81,56,68,55,70,76,67,0,0,0,0,3,2,5,173,62,2029,161882,0,116011,Tottenham,34,28,2216,Barclays WSL,1,5,0,0,2,0,0,0,0,0,0,1
28_09_2025,76125,0,,,,Colby Donovan,,154826,19,42,0,1,3,5,-1,-1,-1,-1,-1,3,0,0,0,0,66,85,1,73,48,58,63,61,69,5,10,15,13,11,67,47,65,60,43,58,68,65,64,53,47,58,64,55,74,71,69,47,73,75,69,57,65,72,59,55,51,50,50,0,0,0,0,2,2,3,180,76,2027,161395,0,15009,SCR Altach,2,29,80,Ö. Bundesliga,1,3,0,0,0,0,0,0,0,0,0,0
28_09_2025,76331,0,,,,Bo van Egmond,,154893,18,34,1,1,25,23,12,-1,-1,-1,-1,41,36,0,0,0,66,86,1,82,65,59,65,29,58,7,12,14,7,10,62,69,61,64,59,20,30,23,66,60,46,56,67,64,76,52,60,63,83,81,66,57,65,55,58,29,62,53,57,0,0,0,0,2,1,3,175,62,2029,161517,0,131359,Ajax,11,23,2226,Women's ROW,1,3,0,0,0,0,0,0,0,0,0,0
28_09_2025,76410,0,,,,Robinio Vaz,,154989,18,18,0,1,25,-1,-1,-1,-1,-1,-1,41,0,0,0,0,71,86,1,84,70,55,67,31,66,9,14,11,10,9,55,72,72,59,60,25,31,23,66,59,52,48,69,82,83,64,72,59,82,85,76,66,65,52,69,29,69,54,68,0,0,0,0,2,2,3,185,74,2030,161895,0,537,FCV Dender EH,9,29,4,1A Pro League,1,2,0,0,0,0,0,0,0,0,0,0
28_09_2025,76416,0,,,,Christian Kofane,,154783,19,103,0,1,25,-1,-1,-1,-1,-1,-1,42,0,0,0,0,75,85,1,78,74,61,72,31,69,14,14,14,7,12,54,76,76,71,73,30,29,23,73,54,49,56,74,78,84,63,70,71,78,79,67,71,68,73,69,20,77,65,66,0,0,0,0,2,2,3,189,68,2029,161708,0,32,Leverkusen,35,29,19,Bundesliga,1,3,0,0,5,0,0,0,0,0,0,1
28_09_2025,76624,0,,,,Vitor Reis,,154588,19,54,0,1,5,-1,-1,-1,-1,-1,-1,12,11,0,0,0,75,85,1,72,33,60,67,75,72,9,9,15,15,14,28,30,78,76,32,74,76,73,69,42,33,69,70,43,83,65,74,33,70,76,64,75,56,73,66,76,29,68,46,32768,0,0,0,1,1,3,186,77,2029,161537,0,110062,Girona FC,12,4,53,LALIGA EA SPORTS,1,3,0,0,1,0,0,0,0,0,0,0
28_09_2025,76687,0,,,,Estêvão,,155055,18,54,0,2,12,23,-1,-1,-1,-1,-1,26,23,0,0,0,80,89,1,90,75,74,84,33,57,9,15,13,6,11,77,74,52,77,66,29,35,27,84,79,71,70,81,80,66,68,51,75,92,90,91,74,93,62,81,34,76,75,73,34611201,0,0,0,3,3,3,178,71,2033,161711,0,5,Chelsea,41,28,13,Premier League,1,3,0,0,2,0,0,0,0,0,0,0
28_09_2025,76929,0,,,,Irune Dorado,,155388,17,45,1,1,14,10,-1,-1,-1,-1,-1,18,0,0,0,0,68,88,1,68,45,63,68,55,50,12,13,12,11,13,38,42,63,78,35,44,60,54,71,45,32,74,74,48,56,62,42,50,67,69,65,57,73,52,55,64,58,66,40,0,0,0,0,2,1,3,157,53,2028,161547,0,116326,Real Madrid,28,14,2222,Liga F Moeve,1,3,0,0,0,0,0,0,0,0,0,0
28_09_2025,77033,0,,,,William Gomes,,154650,19,54,0,2,23,27,12,-1,-1,-1,-1,36,35,39,0,0,76,85,1,84,70,71,77,30,54,6,9,8,12,7,73,69,39,74,66,22,37,29,78,83,66,64,79,79,60,64,54,73,85,84,86,72,81,41,63,29,73,68,61,1,0,0,0,3,3,3,171,66,2029,161547,0,236,FC Porto,7,28,308,Liga Portugal,1,4,0,0,7,0,0,0,0,0,0,1
28_09_2025,77126,0,,,,Wisdom Mike,,155574,17,21,0,2,16,27,-1,-1,-1,-1,-1,27,0,0,0,0,63,85,1,71,57,58,64,33,44,7,8,8,10,11,64,60,51,58,61,31,39,38,66,59,57,57,64,61,49,45,43,54,73,71,76,54,79,43,43,27,62,58,51,0,0,0,0,2,2,5,175,65,2027,161554,0,21,FC Bayern München,36,29,19,Bundesliga,1,3,0,0,0,0,0,0,0,0,0,0
28_09_2025,77152,0,,,,Sean Steur,,155317,17,34,0,1,14,10,-1,-1,-1,-1,-1,20,16,0,0,0,68,85,1,77,52,68,73,54,59,13,13,5,10,12,64,56,46,71,48,53,59,49,73,69,57,67,73,56,63,64,59,50,76,78,77,68,75,53,73,60,66,73,56,8192,0,0,0,2,2,4,183,62,2028,161383,0,245,Ajax,48,15,10,Eredivisie,1,4,0,0,0,0,0,0,0,0,0,0
28_09_2025,78012,0,,,,Yan Diomande,,154894,18,108,0,1,23,27,16,12,-1,-1,-1,35,36,39,30,0,80,89,1,91,73,70,84,38,60,9,15,7,5,13,65,79,65,77,71,40,33,36,87,71,55,63,82,75,79,62,65,69,89,93,88,77,79,38,74,31,77,75,62,35651584,0,0,0,3,3,4,181,76,2030,161713,0,112172,RB Leipzig,49,23,19,Bundesliga,1,3,0,0,10,0,0,0,0,0,0,1
28_09_2025,78063,0,,,,Lennart Karl,,155359,17,21,0,2,18,12,25,-1,-1,-1,-1,32,25,0,0,0,74,88,1,72,70,68,79,35,40,11,6,8,14,12,68,70,47,73,66,36,32,35,81,72,56,60,78,68,51,56,34,74,77,68,84,70,89,33,68,34,70,72,62,8449,0,0,0,3,2,3,168,67,2028,161610,0,21,FC Bayern München,42,28,19,Bundesliga,1,3,0,0,4,0,0,0,0,0,0,1
28_09_2025,78357,0,,,,Clara Serrajordi,,155282,17,45,1,1,14,18,-1,-1,-1,-1,-1,21,32,0,0,0,70,89,1,69,58,67,71,53,58,11,9,9,6,12,62,65,45,76,45,39,65,47,74,50,52,73,75,55,55,70,54,60,69,70,67,66,57,52,62,67,64,67,57,0,0,0,0,2,2,3,170,64,2027,161552,0,116325,FC Barcelona,16,14,2222,Liga F Moeve,1,4,0,0,1,0,0,0,0,0,0,0
28_09_2025,78577,0,,,,Mussa Kaba,,155628,16,21,0,1,10,14,-1,-1,-1,-1,-1,14,16,20,0,0,62,85,1,57,35,59,57,61,59,13,6,8,10,15,52,34,64,69,32,61,62,52,56,37,36,67,59,42,67,49,67,32,56,58,62,59,48,48,65,64,38,59,35,0,0,0,0,1,1,3,197,86,2027,161890,0,22,Borussia Dortmund,48,29,19,Bundesliga,1,3,0,0,0,0,0,0,0,0,0,0
28_09_2025,78685,0,,,,Lisa Baum,,154905,18,21,1,2,12,18,23,-1,-1,-1,-1,23,31,0,0,0,74,85,1,80,69,70,74,42,57,9,11,13,9,6,72,70,56,70,63,43,41,33,76,70,69,65,78,73,68,63,55,72,80,81,77,64,70,53,61,39,70,74,63,128,0,0,0,3,3,3,170,58,2028,161705,0,116021,RB Leipzig,11,12,2215,GPFBL,1,4,0,0,4,0,0,0,0,0,0,1
28_09_2025,78694,0,,,,Lotta Wrede,,155400,17,21,1,2,16,14,27,-1,-1,-1,-1,29,22,0,0,0,68,85,1,73,63,63,65,51,56,7,11,11,7,14,65,64,59,68,60,49,51,38,67,63,49,62,71,64,67,59,56,65,75,74,58,63,55,52,57,59,61,64,58,0,0,0,0,2,3,3,173,61,2031,161333,0,132533,Hamburger SV,32,16,2215,GPFBL,1,3,0,0,3,0,0,0,0,0,0,1
28_09_2025,79399,0,,,,Gilberto Mora,,155594,16,83,0,1,18,27,14,-1,-1,-1,-1,31,40,21,0,0,74,87,1,67,65,73,74,50,48,11,12,5,9,9,72,70,48,75,58,44,58,57,74,74,48,73,78,61,50,55,44,64,68,67,72,72,71,51,70,45,74,77,53,16777216,0,0,0,2,2,3,168,65,2028,160786,0,111592,Free Agents,99,29,382,Free Agents,1,3,0,0,0,0,0,0,0,0,0,0
28_09_2025,79451,0,,,,Noemi Ivelj,,154881,18,47,1,1,5,-1,-1,-1,-1,-1,-1,13,0,0,0,0,69,85,1,64,61,66,67,72,64,12,10,9,14,7,60,62,65,72,57,71,74,71,65,60,56,68,71,63,69,68,64,61,65,64,73,57,75,57,56,73,58,65,59,0,0,0,0,1,1,3,171,64,2028,161698,0,116037,Montpellier,13,29,2218,Arkema PL,1,3,0,0,0,0,0,0,0,0,0,0
28_09_2025,80376,0,,,,Rio Ngumoha,,155548,17,14,0,1,16,27,-1,-1,-1,-1,-1,30,27,0,0,0,71,88,1,90,64,60,75,35,53,11,9,8,9,12,68,68,38,58,57,33,42,30,78,69,52,50,72,69,61,63,54,62,94,90,85,63,88,39,72,37,65,68,59,34603008,0,0,0,3,3,3,170,68,2028,161698,0,57,AJ Auxerre,15,29,16,Ligue 1 McDonald's,1,4,0,0,1,0,0,0,0,0,0,0
28_09_2025,80384,0,,,,Cardoso Varela,,155609,16,38,0,1,27,16,-1,-1,-1,-1,-1,39,30,0,0,0,69,88,1,78,64,62,71,25,44,10,14,14,5,7,63,70,45,65,50,20,25,21,75,57,57,60,71,58,49,61,40,69,79,77,75,50,75,31,62,25,63,63,61,1048576,0,0,0,2,2,4,169,60,2028,161729,0,211,Dinamo Zagreb,23,29,76,Men's ROW,4,3,0,0,0,0,0,0,0,0,0,0
28_09_2025,80454,0,,,,Wael Mohya,,155672,16,21,0,1,18,16,14,-1,-1,-1,-1,31,0,0,0,0,68,85,1,71,58,64,72,38,36,8,7,11,14,6,61,69,40,71,40,46,37,29,74,50,39,59,73,54,42,50,29,52,75,71,75,59,67,36,61,31,56,70,41,0,0,0,0,2,4,4,176,66,2030,161703,0,23,M'gladbach,36,29,19,Bundesliga,1,3,0,0,1,0,0,0,0,0,0,1
28_09_2025,80674,0,,,,Dro Fernández,,155318,17,45,0,1,18,14,-1,-1,-1,-1,-1,31,21,0,0,0,68,85,1,70,53,64,73,39,53,10,6,12,12,9,56,54,37,70,42,35,47,35,74,66,44,65,76,54,49,61,52,56,69,72,73,59,68,47,70,38,58,71,52,1048576,0,0,0,2,2,3,182,68,2030,161907,0,73,Paris SG,27,28,16,Ligue 1 McDonald's,1,2,0,0,0,0,0,0,0,0,0,0
28_09_2025,80807,0,,,,Thiago Pitarch,,155156,18,45,0,1,14,18,10,-1,-1,-1,-1,18,31,16,0,0,63,85,1,65,48,59,62,51,59,11,13,12,12,12,46,50,45,66,38,48,57,49,60,46,37,62,68,43,55,61,59,54,65,66,61,59,64,62,65,55,68,71,44,0,0,0,0,1,1,3,179,70,2027,161333,0,243,Real Madrid,45,29,53,LALIGA EA SPORTS,1,3,0,0,0,0,0,0,0,0,0,0
28_09_2025,80915,0,,,,Jan Virgili,,154783,19,45,0,1,27,16,12,-1,-1,-1,-1,38,27,26,0,0,75,86,1,83,67,68,78,39,52,12,8,5,9,11,72,69,53,71,46,39,40,30,81,60,54,65,78,68,62,66,44,71,86,81,84,71,77,51,63,36,70,71,48,0,0,0,0,3,3,3,168,66,2030,161756,0,453,RCD Mallorca,17,16,53,LALIGA EA SPORTS,1,3,0,0,0,0,0,0,0,0,0,0
28_09_2025,81289,0,,,,Aïcha Cámara,,154921,18,45,1,1,5,3,12,-1,-1,-1,-1,48,6,0,0,0,69,85,1,69,51,55,61,69,65,6,10,10,6,9,38,51,68,75,52,72,70,73,53,38,39,49,78,63,73,57,68,44,65,74,55,61,70,69,67,62,36,54,46,0,0,0,0,1,1,3,167,62,2026,160967,0,116325,FC Barcelona,23,28,2222,Liga F Moeve,1,3,0,0,1,0,0,0,0,0,0,0
28_09_2025,81539,0,,,,Divine Mukasa,,155175,18,14,0,2,18,14,-1,-1,-1,-1,-1,31,21,0,0,0,69,85,1,69,66,68,69,58,60,11,8,14,9,14,67,67,55,71,53,57,60,58,68,73,66,69,70,69,64,66,62,68,70,69,73,66,70,48,70,60,68,69,63,256,0,0,0,2,3,4,180,70,2027,161698,0,95,Leicester City,29,18,14,EFL Championship,2,1,0,0,2,0,0,0,0,0,0,0
28_09_2025,82789,0,,,,Abdellah Ouazane,,155687,16,129,0,1,18,14,-1,-1,-1,-1,-1,31,21,0,0,0,62,86,1,76,55,60,68,40,52,9,8,14,11,11,58,51,47,60,47,40,40,44,72,66,66,58,68,65,59,48,57,58,74,80,60,60,59,42,63,33,50,60,68,0,0,0,0,3,2,3,184,75,2028,161732,0,245,Ajax,68,29,10,Eredivisie,1,3,0,0,0,0,0,0,0,0,0,0
28_09_2025,83345,0,,,,Adriano Jagušić,,154455,20,10,0,2,18,23,12,14,-1,-1,-1,31,0,0,0,0,74,85,1,72,68,73,75,38,63,12,13,5,13,6,76,71,52,77,50,40,33,32,76,71,67,68,77,69,69,68,68,68,75,72,76,68,71,46,71,40,74,70,66,20971520,0,0,0,2,2,3,178,70,2030,161922,0,1884,Panathinaikos,88,28,76,Men's ROW,4,3,0,0,0,0,0,0,0,0,0,0
28_09_2025,83402,0,,,,Anísio,,155352,17,38,0,2,25,-1,-1,-1,-1,-1,-1,44,0,0,0,0,63,85,1,61,64,49,57,31,57,15,6,12,9,9,37,68,72,55,64,27,26,25,59,51,42,51,58,66,69,59,55,60,61,63,59,59,57,57,55,28,66,52,58,0,0,0,0,2,2,3,187,70,2027,161698,0,234,SL Benfica,72,29,308,Liga Portugal,1,3,0,0,2,0,0,0,0,0,0,0
28_09_2025,83494,0,,,,Rayan,,154791,19,54,0,2,12,25,23,-1,-1,-1,-1,26,41,0,0,0,78,87,1,83,77,73,77,35,76,6,14,13,14,9,74,77,74,75,72,32,36,22,79,75,67,70,79,83,89,73,80,74,86,83,75,74,70,66,77,28,75,77,78,536870980,0,0,0,2,2,2,185,80,2031,161908,0,1943,AFC Bournemouth,37,12,13,Premier League,1,2,0,0,2,0,0,0,0,0,0,1
28_09_2025,460044,1,,,,Willy Fournier,,155678,16,18,0,1,3,7,-1,-1,-1,-1,-1,5,0,0,0,0,74,93,1,0,0,0,0,0,0,21,18,19,20,19,72,50,64,71,47,75,63,66,73,55,47,59,76,53,69,81,69,43,88,81,76,78,74,68,57,76,57,53,48,69620736,0,0,0,3,0,5,177,72,2027,161755,0,112264,*TeamName_Abbr15_112264,99,29,2028,World League,7,0,0,0,0,0,0,0,0,0,0,0
28_09_2025,460067,1,,,,Rachid Benzai,,155507,17,129,0,1,23,18,-1,-1,-1,-1,-1,37,34,0,0,0,82,94,1,0,0,0,0,0,0,21,19,21,21,24,72,76,57,82,70,42,45,44,84,69,60,78,84,74,66,80,61,77,96,98,91,71,82,78,81,75,80,80,80,48234657,1792,35651616,0,4,4,5,175,69,2030,161755,0,115486,*TeamName_Abbr15_115486,18,28,13,Premier League,1,0,0,0,0,0,0,0,0,0,0,0
28_09_2025,460057,1,,,,Ferhat Said,,156610,14,129,0,1,23,-1,-1,-1,-1,-1,-1,37,0,0,0,0,65,90,1,0,0,0,0,0,0,21,23,21,17,18,63,56,44,62,51,35,37,32,59,50,44,64,66,55,56,56,55,56,83,89,88,65,72,48,56,36,61,60,55,10488033,0,0,0,3,0,5,155,58,2029,161755,0,112264,*TeamName_Abbr15_112264,99,29,2028,World League,7,0,0,0,0,0,0,0,0,0,0,0
28_09_2025,254262,0,,,,Zeno Debast,,153777,21,7,0,1,5,10,14,-1,-1,-1,-1,13,16,0,0,0,78,86,1,70,56,76,74,78,76,6,6,15,6,5,77,51,77,79,38,79,80,77,77,77,71,81,80,68,81,81,73,65,66,74,61,78,56,78,75,79,54,71,43,1024,0,0,0,2,2,4,191,76,2029,161336,0,237,Sporting CP,6,28,308,Liga Portugal,1,3,0,0,0,0,0,0,0,0,0,0
28_09_2025,256420,0,,,,Malick Fofana,,154301,20,7,0,1,16,27,-1,-1,-1,-1,-1,30,27,39,0,0,78,86,1,86,69,70,82,40,48,11,6,13,11,9,72,76,32,75,64,41,44,41,85,64,53,65,79,64,52,70,37,66,87,86,89,75,89,51,78,35,74,72,58,1048704,0,0,0,3,2,5,170,60,2028,161160,0,66,OL,11,29,16,Ligue 1 McDonald's,1,3,0,0,2,0,0,0,0,0,0,1
28_09_2025,257400,0,,,,Yasin Ayari,,153759,21,46,0,1,10,14,-1,-1,-1,-1,-1,49,18,0,0,0,79,85,1,69,73,76,80,74,64,9,11,7,7,15,67,70,47,81,60,76,79,78,80,75,60,80,80,81,57,79,52,80,69,69,79,79,86,79,79,78,74,79,61,256,0,0,0,2,2,3,172,69,2027,160815,0,1363,Sweden,26,13,78,Men's National,5,3,0,0,0,0,0,0,0,0,0,0
28_09_2025,258378,0,,,,Mika Godts,,154369,20,7,0,1,27,16,-1,-1,-1,-1,-1,39,0,0,0,0,77,86,1,81,69,70,82,40,61,8,10,14,14,7,71,72,45,74,63,30,50,47,85,69,54,64,82,69,64,75,63,67,80,81,86,74,86,40,74,34,77,72,67,1048576,0,0,0,3,2,3,176,70,2029,160816,0,245,Ajax,11,27,10,Eredivisie,1,5,0,0,14,0,0,0,0,0,1,1
28_09_2025,259240,0,,,,Adam Wharton,,153882,21,14,0,2,10,14,-1,-1,-1,-1,-1,14,20,0,0,0,81,87,3,62,62,83,78,76,69,5,11,13,6,12,79,60,62,86,51,75,78,79,78,81,71,87,82,67,68,69,66,63,60,63,70,83,71,76,83,78,66,85,54,21244160,0,0,0,2,2,3,182,70,2029,161182,0,1799,Crystal Palace,20,13,13,Premier League,1,3,0,0,0,0,0,0,0,0,0,0
28_09_2025,259565,0,,,,Yoan Bonny,,153778,21,18,0,1,25,18,-1,-1,-1,-1,-1,43,42,41,0,0,79,86,1,87,76,73,78,33,76,13,14,11,14,9,70,79,74,77,70,34,30,24,79,75,59,68,82,78,90,73,82,75,84,91,81,79,61,64,71,27,78,77,69,129,0,0,0,3,2,3,189,86,2030,161702,0,131682,Inter Milan,14,28,31,Serie A Enilive,1,2,0,0,5,0,0,0,0,0,0,1
28_09_2025,260162,0,,,,Mario Stroeykens,,154118,20,110,0,1,14,18,10,-1,-1,-1,-1,18,33,0,0,0,75,86,1,71,74,71,76,47,69,7,12,8,13,7,58,78,55,82,64,18,68,45,78,58,54,77,78,71,71,74,73,77,74,70,74,67,73,52,75,56,73,71,66,1048832,0,0,0,2,2,3,177,79,2028,160051,0,229,RSC Anderlecht,29,28,4,1A Pro League,1,3,0,0,2,0,0,0,0,0,0,0
28_09_2025,260908,0,,,,Milos Kerkez,,153791,21,23,0,2,7,16,-1,-1,-1,-1,-1,10,9,0,0,0,82,85,3,87,59,75,78,76,80,8,13,10,13,13,81,54,61,77,53,77,79,80,77,78,52,69,77,80,74,90,75,53,89,87,85,78,84,83,75,78,76,76,50,2363392,256,0,0,2,2,3,180,71,2030,161693,0,1886,Hungary,6,7,78,Men's National,5,3,0,0,0,0,0,0,0,0,0,0
28_09_2025,260952,0,,,,Andreas Schjelderup,,153998,21,36,0,1,27,18,16,-1,-1,-1,-1,39,32,30,0,0,77,85,1,80,69,72,81,42,57,13,10,10,15,11,74,74,39,73,56,46,48,35,83,73,65,65,79,74,59,77,50,61,83,77,85,75,78,47,75,36,74,75,69,1048577,0,0,0,2,3,3,176,69,2030,161734,0,1943,AFC Bournemouth,13,29,13,Premier League,1,4,0,0,4,0,0,0,0,0,0,1
28_09_2025,460020,1,,,,Justin Gerritsen,,155552,17,34,0,2,14,18,-1,-1,-1,-1,-1,32,0,0,0,0,80,97,1,0,0,0,0,0,0,12,16,8,12,17,77,81,70,77,77,81,68,64,86,86,90,81,86,81,76,81,73,71,76,75,78,77,81,77,81,75,76,77,81,22021129,5888,5242888,0,4,4,5,171,62,2030,161697,0,115486,*TeamName_Abbr15_115486,14,13,13,Premier League,1,0,0,0,0,0,0,0,0,0,0,0
28_09_2025,262105,0,,,,Julien Duranville,,154701,19,7,0,1,12,16,25,23,-1,-1,-1,23,27,0,0,0,73,85,1,88,61,63,82,26,49,10,6,9,15,11,67,63,35,67,51,22,30,31,88,63,55,59,74,65,57,56,47,63,90,88,91,69,90,43,63,23,64,60,49,42991616,2048,0,0,4,3,3,170,67,2029,160812,0,896,FC Basel 1893,18,12,189,Brack Super League,1,3,0,0,1,0,0,0,0,0,0,0
28_09_2025,262265,0,,,,Matthieu Epolo,,154226,20,110,0,1,0,-1,-1,-1,-1,-1,-1,1,0,0,0,0,75,85,1,77,71,68,76,32,74,78,72,69,75,76,12,7,13,23,6,7,11,9,5,10,9,20,11,51,57,16,55,6,35,28,44,71,44,17,28,11,4,31,11,0,18,0,0,0,0,2,187,77,2027,160237,0,232,Standard Liège,40,0,4,1A Pro League,1,3,0,0,0,0,0,0,0,0,0,0
28_09_2025,262863,0,,,,Antonio Nusa,,154318,20,36,0,1,27,16,18,-1,-1,-1,-1,39,30,33,0,0,78,88,1,89,73,70,82,42,63,12,14,14,9,10,68,73,46,75,61,40,47,54,82,75,58,63,82,83,69,74,59,69,92,86,92,72,87,57,71,36,76,75,54,34611200,2048,0,0,3,3,4,183,77,2029,161376,0,1352,Norway,14,27,78,Men's National,5,3,0,0,0,0,0,0,0,0,0,0
28_09_2025,263193,0,,,,El Chadaille Bitshiabu,,154347,20,18,0,2,5,-1,-1,-1,-1,-1,-1,11,0,0,0,0,75,87,1,72,36,60,56,74,79,10,12,13,13,7,47,26,76,70,22,75,76,70,54,52,30,67,62,74,85,56,92,23,55,85,44,71,32,73,62,72,35,62,38,512,0,0,0,1,1,3,196,95,2029,160984,0,112172,RB Leipzig,5,28,19,Bundesliga,1,3,0,0,0,0,0,0,0,0,0,0
28_09_2025,263578,0,,,,Balde,,153771,21,45,0,2,7,16,-1,-1,-1,-1,-1,10,0,0,0,0,83,87,3,90,50,75,80,78,68,5,8,7,10,13,84,52,73,84,33,77,80,80,80,69,28,72,81,55,85,77,69,43,90,90,82,80,78,52,64,78,65,73,43,33701888,0,0,0,2,3,4,175,69,2028,160056,0,241,FC Barcelona,3,28,53,LALIGA EA SPORTS,1,3,0,0,0,0,0,0,0,0,0,0
28_09_2025,263620,0,,,,Romeo Lavia,,153851,21,7,0,1,10,14,-1,-1,-1,-1,-1,14,18,0,0,0,78,85,1,69,52,72,77,77,74,7,7,5,11,13,62,43,71,79,43,78,78,77,77,70,50,77,79,64,80,62,78,60,71,68,78,77,77,81,78,78,60,75,50,1048576,2048,0,0,2,2,3,181,76,2030,161015,0,5,Chelsea,45,28,13,Premier League,1,3,0,0,0,0,0,0,0,0,0,0
28_09_2025,263640,0,,,,Antoni Milambo,,154304,20,34,0,1,14,18,-1,-1,-1,-1,-1,21,31,0,0,0,73,85,1,74,67,70,76,60,63,15,5,11,7,5,61,69,57,75,59,58,65,59,76,65,56,72,76,71,69,82,60,70,74,74,83,73,72,48,76,62,70,75,62,4194304,0,0,0,3,2,3,179,68,2030,161700,0,1925,Brentford,17,29,13,Premier League,1,3,0,0,0,0,0,0,0,0,0,0
28_09_2025,263765,0,,,,Tom Bischof,,154390,20,21,0,2,14,10,-1,-1,-1,-1,-1,18,16,0,0,0,78,86,1,58,69,80,80,62,67,9,13,12,13,6,78,66,46,84,54,61,71,63,79,76,77,80,82,74,60,81,61,77,66,52,81,80,85,65,78,64,65,79,57,16777216,0,0,0,2,2,3,180,75,2029,161676,0,21,FC Bayern München,20,28,19,Bundesliga,1,3,0,0,0,0,0,0,0,0,0,0
28_09_2025,263828,0,,,,Roger Fernandes,,154536,19,38,0,2,16,12,27,-1,-1,-1,-1,30,26,0,0,0,77,85,1,89,68,67,80,57,55,13,9,10,10,15,73,71,50,68,55,61,59,40,80,62,55,68,80,69,59,71,44,66,87,90,91,78,87,60,69,61,74,68,59,35651585,512,0,0,2,3,4,166,65,2029,161764,0,607,Al Ittihad,78,28,350,Saudi Pro League,1,3,0,0,2,0,0,0,0,0,0,0
28_09_2025,264219,0,,,,Ernest Poku,,153873,21,34,0,1,12,23,16,-1,-1,-1,-1,26,23,36,30,0,76,85,1,94,67,68,77,40,66,8,10,11,12,8,65,67,48,73,56,40,36,47,78,65,48,62,75,75,73,77,63,65,93,95,87,66,83,59,65,39,77,73,56,35913728,0,0,0,2,2,5,173,63,2030,161740,0,32,Leverkusen,19,12,19,Bundesliga,1,4,0,0,5,0,0,0,0,0,0,1
28_09_2025,264240,0,,,,Gavi,,154063,21,45,0,1,14,18,-1,-1,-1,-1,-1,21,0,0,0,0,83,87,3,76,66,78,85,68,70,8,10,11,7,13,69,71,42,85,49,59,78,72,86,74,47,83,85,56,62,85,58,70,79,75,86,86,90,85,77,79,81,83,52,83888128,2048,0,0,2,2,3,173,70,2030,159872,0,1362,Spain,6,29,78,Men's National,5,3,0,0,0,0,0,0,0,0,0,0
28_09_2025,264309,0,,,,Arda Güler,,154267,20,48,0,2,14,12,18,23,-1,-1,-1,120,25,26,32,0,86,97,1,75,78,83,84,52,52,13,10,11,14,10,83,77,41,85,70,76,81,69,85,86,78,83,86,81,54,86,70,84,79,78,83,80,85,55,89,64,89,94,80,89136384,1792,1051904,0,4,4,5,175,70,2034,161708,0,115486,*TeamName_Abbr15_115486,8,15,13,Premier League,1,5,0,0,4,0,0,0,0,0,0,1
28_09_2025,264388,0,,,,Moleiro,,153753,21,45,0,1,16,18,27,-1,-1,-1,-1,129,30,32,0,0,82,87,3,85,74,77,84,51,68,6,9,11,8,11,73,77,58,81,63,47,55,53,85,78,70,74,84,75,75,79,65,75,86,86,86,78,85,60,76,48,79,81,60,5243136,0,0,0,3,3,4,172,67,2030,161698,0,1362,Spain,17,29,78,Men's National,5,3,0,0,0,0,0,0,0,0,0,0
28_09_2025,264846,0,,,,Cristhian Mosquera,,154024,21,45,0,1,5,-1,-1,-1,-1,-1,-1,11,0,0,0,0,77,85,1,74,46,60,56,78,76,8,6,13,8,7,44,39,78,73,29,77,80,77,40,35,28,70,67,65,85,79,75,50,73,74,69,75,69,78,69,77,28,58,49,65536,0,0,0,1,1,3,191,79,2030,161721,0,1,Arsenal,3,29,13,Premier League,1,3,0,0,0,0,0,0,0,0,0,0
28_09_2025,265188,0,,,,Giorgio Scalvini,,153825,21,27,0,1,5,-1,-1,-1,-1,-1,-1,48,0,0,0,0,78,86,1,65,36,58,61,80,71,6,12,12,9,6,40,25,75,73,39,80,83,80,56,35,22,62,71,57,78,62,71,39,66,66,48,77,44,81,72,81,29,62,35,268664832,0,0,0,1,1,3,194,76,2028,160245,0,1343,Italy,42,29,78,Men's National,5,3,0,0,0,0,0,0,0,0,0,0
28_09_2025,265526,0,,,,Guillaume Restes,,154281,20,18,0,2,0,-1,-1,-1,-1,-1,-1,1,0,0,0,0,79,85,1,79,75,80,80,40,78,79,75,84,79,80,17,9,12,51,7,11,16,15,8,14,13,49,18,60,62,39,65,7,38,44,38,73,42,22,55,13,9,63,15,0,2,0,0,0,0,3,188,82,2028,160262,0,1809,Toulouse FC,1,0,16,Ligue 1 McDonald's,1,3,0,0,0,0,0,0,0,0,0,0
28_09_2025,265600,0,,,,Roony Bardghji,,154530,19,46,0,2,23,12,-1,-1,-1,-1,-1,37,26,0,0,0,74,86,1,73,72,67,77,27,58,8,14,13,14,14,73,74,25,68,63,26,33,24,77,66,64,56,76,71,52,62,55,77,76,73,90,70,87,60,69,23,71,73,63,9437312,2048,0,0,3,3,4,173,73,2029,161711,0,241,FC Barcelona,19,29,53,LALIGA EA SPORTS,1,2,0,0,1,0,0,0,0,0,0,0
28_09_2025,265905,0,,,,Vicki Becho,,153756,21,18,1,1,23,25,12,-1,-1,-1,-1,35,37,36,43,0,79,86,1,85,76,69,85,45,68,6,5,11,7,12,68,77,72,76,74,40,46,39,88,68,63,62,85,75,84,70,71,76,82,87,83,75,69,52,84,38,80,65,68,42991744,0,0,0,3,3,3,168,62,2027,159872,0,116033,OL Lyonnes,7,28,2218,Arkema PL,1,3,0,0,7,0,0,0,0,0,0,1
28_09_2025,266127,0,,,,Lewis Hall,,154097,21,14,0,2,7,16,-1,-1,-1,-1,-1,9,0,0,0,0,82,86,1,77,64,80,81,79,64,14,8,9,8,14,84,61,66,80,62,78,82,80,81,82,70,78,79,74,71,81,56,66,78,77,80,80,85,60,82,82,73,78,55,16814080,0,0,0,1,1,3,179,71,2029,161333,0,13,Newcastle Utd,3,7,13,Premier League,1,4,0,0,1,0,0,0,0,0,0,0
28_09_2025,266237,0,,,,Paul Wanner,,154568,19,4,0,2,18,14,23,-1,-1,-1,-1,31,0,0,0,0,74,86,1,75,62,73,76,53,50,7,12,13,11,13,62,60,54,80,52,53,55,52,77,66,71,74,77,71,56,73,38,62,79,73,76,75,76,52,69,54,70,76,61,1056769,0,0,0,3,3,2,185,75,2030,161750,0,247,PSV,10,13,10,Eredivisie,1,2,0,0,2,0,0,0,0,0,0,0
28_09_2025,266568,0,,,,Khiara Keating,,154024,21,14,1,1,0,-1,-1,-1,-1,-1,-1,45,0,0,0,0,79,85,3,77,78,81,80,31,78,77,78,81,78,80,11,8,9,31,7,15,17,15,18,15,15,33,17,61,61,25,66,15,33,29,35,78,55,32,37,9,9,52,21,1024,16,0,0,0,0,3,167,70,2027,160056,0,116017,Manchester City,35,28,2216,Barclays WSL,1,4,0,0,0,0,0,0,0,0,0,0
28_09_2025,266895,0,,,,Nicolò Tresoldi,,154078,21,21,0,1,25,-1,-1,-1,-1,-1,-1,44,42,0,0,0,73,86,1,78,68,54,69,22,69,11,9,9,13,8,31,75,75,71,66,16,21,12,70,52,41,55,71,66,82,80,75,58,75,80,72,70,70,43,64,17,77,55,59,48,0,0,0,2,1,4,183,77,2029,161684,0,231,Club Brugge,7,25,4,1A Pro League,1,5,0,0,16,0,1,0,0,1,1,1
28_09_2025,267223,0,,,,Olivia Moultrie,,154471,20,95,1,1,14,16,12,18,-1,-1,-1,122,30,26,0,0,81,91,1,69,76,79,78,69,61,8,8,15,14,13,75,74,53,83,60,64,76,63,78,73,71,79,86,82,61,81,52,80,70,69,64,80,69,62,70,76,83,83,68,268,0,0,0,3,3,4,170,60,2029,160236,0,116302,Portland Thorns,13,13,2221,NWSL,1,3,0,0,8,0,2,0,0,0,1,1
28_09_2025,268421,0,,,,Mathys Tel,,154328,20,18,0,1,25,27,16,18,-1,-1,-1,43,41,39,30,0,78,85,1,86,80,67,78,29,64,12,9,15,7,11,68,79,71,71,79,23,28,33,83,68,56,64,77,88,80,67,67,77,85,89,79,69,78,48,75,18,77,71,81,1,0,0,0,3,3,4,183,77,2031,161698,0,36,VfB Stuttgart,13,29,19,Bundesliga,1,3,0,0,3,0,0,0,0,0,0,1
28_09_2025,268611,0,,,,Joel Ordoñez,,153957,21,57,0,1,5,-1,-1,-1,-1,-1,-1,13,11,0,0,0,76,86,1,74,26,55,57,75,80,13,15,5,12,12,40,23,74,76,27,76,77,71,47,22,28,58,67,36,84,72,85,19,69,81,62,70,63,76,60,78,40,48,39,0,0,0,0,1,2,3,188,80,2029,160651,0,231,Club Brugge,4,4,4,1A Pro League,1,3,0,0,4,0,0,0,0,0,0,0
28_09_2025,268737,0,,,,Sverre Nypan,,154929,18,36,0,1,14,18,25,-1,-1,-1,-1,22,32,43,0,0,70,86,1,74,64,67,73,56,58,15,13,15,14,6,60,68,50,73,67,55,58,57,70,61,53,70,74,58,63,75,52,66,80,70,85,70,87,50,67,61,69,73,55,8192,0,0,0,3,3,4,183,70,2030,161714,0,10,Manchester City,41,28,13,Premier League,1,3,0,0,0,0,0,0,0,0,0,0
28_09_2025,268896,0,,,,Hugo Larsson,,154024,21,46,0,1,14,10,-1,-1,-1,-1,-1,18,14,0,0,0,78,85,1,77,72,71,77,71,76,14,7,7,12,8,48,76,62,82,67,76,71,60,75,65,53,76,79,74,76,82,74,70,73,81,79,78,74,75,83,78,78,79,54,83954176,0,0,0,2,2,3,187,74,2029,160967,0,1824,Frankfurt,16,10,19,Bundesliga,1,2,0,0,1,0,0,0,0,0,0,0
28_09_2025,268947,0,,,,Martina Fernández,,154120,20,45,1,1,5,-1,-1,-1,-1,-1,-1,11,0,0,0,0,71,86,1,65,46,60,61,73,63,14,6,8,7,15,58,45,73,70,31,74,74,71,51,49,35,62,71,61,71,62,58,34,64,65,68,73,58,73,59,71,45,52,61,0,0,0,0,1,1,2,168,58,2026,161714,0,116016,Everton,5,6,2216,Barclays WSL,1,3,0,0,2,0,0,0,0,0,0,1
28_09_2025,268996,0,,,,Carla Camacho,,154333,20,45,1,1,25,-1,-1,-1,-1,-1,-1,41,0,0,0,0,70,86,1,77,67,60,71,34,71,7,10,9,7,10,45,69,64,69,61,23,34,35,71,67,58,48,73,67,79,71,72,63,77,77,74,73,59,65,67,34,74,65,68,0,0,0,0,2,2,3,172,65,2030,161732,0,116013,Brighton,22,28,2216,Barclays WSL,1,3,0,0,0,0,0,0,0,0,0,0
28_09_2025,269087,0,,,,Leny Yoro,,154528,19,18,0,1,5,-1,-1,-1,-1,-1,-1,11,0,0,0,0,78,86,1,70,41,60,64,79,73,13,7,5,14,14,49,38,77,75,35,77,83,84,60,37,33,59,69,52,84,69,75,37,68,72,55,79,61,73,72,79,41,60,40,262144,0,0,0,1,1,3,190,75,2029,161350,0,11,Man United,15,29,13,Premier League,1,4,0,0,0,0,0,0,0,0,0,0
28_09_2025,269136,0,,,,Kobbie Mainoo,,154320,20,14,0,1,10,14,-1,-1,-1,-1,-1,14,18,0,0,0,78,85,1,68,69,75,81,74,74,14,11,10,5,9,67,74,64,81,58,71,78,79,82,76,55,78,81,71,74,74,73,62,70,66,80,78,88,76,82,74,74,79,59,16777217,0,0,0,2,3,3,181,80,2027,160556,0,11,Man United,37,28,13,Premier League,1,3,0,0,0,0,0,0,0,0,0,0
28_09_2025,269404,0,,,,Salma Paralluelo,,153797,21,45,1,2,27,25,23,16,-1,-1,-1,39,43,36,0,0,85,87,3,92,84,78,83,46,77,6,6,12,6,13,82,88,75,81,75,42,45,40,84,78,65,70,84,83,91,77,83,84,92,92,89,80,70,57,75,42,85,81,63,34603137,0,0,0,3,3,4,175,68,2026,160614,0,116325,FC Barcelona,7,28,2222,Liga F Moeve,1,3,0,0,4,0,0,0,0,0,0,0
28_09_2025,269728,0,,,,Jean-Mattéo Bahoya,,154338,20,18,0,1,16,18,27,-1,-1,-1,-1,27,28,31,0,0,76,85,1,94,67,67,76,46,59,15,11,13,12,5,73,73,47,65,57,45,52,56,79,69,52,63,76,64,69,67,61,59,91,97,83,67,75,43,71,36,77,73,63,1048576,0,0,0,3,1,3,180,76,2029,161175,0,1824,Frankfurt,19,16,19,Bundesliga,1,5,0,0,3,0,0,0,0,0,0,0
28_09_2025,269859,0,,,,Arthur Vermeeren,,154249,20,7,0,1,14,10,-1,-1,-1,-1,-1,19,20,15,0,0,78,86,1,70,55,78,79,68,66,9,6,13,9,8,69,50,55,87,38,75,64,60,79,71,49,79,83,66,67,77,62,64,75,65,79,76,76,66,79,77,61,81,60,163840,768,0,0,2,2,4,180,74,2029,161531,0,219,OM,18,28,16,Ligue 1 McDonald's,1,3,0,0,0,0,0,0,0,0,0,0
28_09_2025,269972,0,,,,Lou Bogaert,,154022,21,18,1,2,7,16,-1,-1,-1,-1,-1,9,0,0,0,0,79,86,1,77,51,71,75,78,66,10,11,8,13,15,73,48,79,81,41,76,81,79,75,64,41,78,80,72,83,66,68,44,76,77,72,77,71,57,60,75,44,54,43,0,0,0,0,2,1,3,165,58,2027,160602,0,116035,Paris FC,3,7,2218,Arkema PL,1,3,0,0,2,0,0,0,0,0,0,1
28_09_2025,270077,0,,,,Konstantinos Koulierakis,,153812,21,22,0,2,5,-1,-1,-1,-1,-1,-1,11,13,0,0,0,77,85,1,69,44,57,64,76,79,8,8,13,10,11,42,24,73,74,34,78,75,76,62,52,39,72,71,75,83,78,80,60,73,69,52,73,62,82,66,78,45,42,44,16384,0,0,0,1,1,2,185,78,2029,161393,0,175,VfL Wolfsburg,4,28,19,Bundesliga,1,4,0,0,2,0,0,0,0,0,0,1
28_09_2025,270086,0,,,,António Silva,,153783,21,38,0,1,5,-1,-1,-1,-1,-1,-1,13,12,0,0,0,77,85,2,79,37,64,69,77,80,12,10,8,6,8,45,32,75,76,52,77,79,76,69,36,26,77,73,60,82,83,87,23,78,80,57,75,59,70,77,74,34,68,40,33792,4352,0,0,1,1,2,187,82,2027,160512,0,234,SL Benfica,4,4,308,Liga Portugal,1,2,0,0,1,0,0,0,0,0,0,0
28_09_2025,270208,0,,,,Archie Gray,,154647,19,14,0,1,10,5,3,14,-1,-1,-1,14,17,13,5,0,76,86,1,72,60,71,74,74,73,15,12,13,6,5,68,59,70,76,55,74,75,73,74,61,55,74,78,64,75,77,72,60,70,74,67,80,67,71,75,75,69,71,57,0,256,0,0,1,2,4,187,70,2030,161334,0,18,Tottenham,14,29,13,Premier League,1,2,0,0,2,0,0,0,0,0,0,0
28_09_2025,270409,0,,,,Savinho,,153946,21,54,0,2,23,27,12,-1,-1,-1,-1,35,36,38,0,0,82,86,3,87,71,77,85,30,53,9,12,8,9,12,81,75,45,80,63,27,30,36,86,80,55,70,84,70,63,73,45,69,90,85,90,79,76,45,84,25,79,80,62,5255168,0,0,0,3,4,2,176,71,2031,161350,0,10,Manchester City,26,29,13,Premier League,1,3,0,0,0,0,0,0,0,0,0,0
28_09_2025,270531,0,,,,Ousmane Diomande,,153818,21,108,0,1,5,-1,-1,-1,-1,-1,-1,13,12,0,0,0,80,87,3,80,26,51,70,79,86,8,6,15,6,6,28,20,80,72,24,79,82,77,72,25,24,74,69,40,93,80,91,22,78,84,63,73,67,85,75,76,25,38,39,269009936,256,0,0,1,1,3,190,93,2030,160816,0,237,Sporting CP,26,4,308,Liga Portugal,1,3,0,0,0,0,0,0,0,0,0,0
28_09_2025,270673,0,,,,Warren Zaïre-Emery,,154643,19,18,0,1,14,10,3,18,-1,-1,-1,21,16,6,0,0,81,88,3,79,68,77,79,77,83,14,11,7,8,15,69,67,66,84,51,75,81,73,78,66,53,83,81,76,84,90,83,69,82,78,75,81,88,76,78,82,78,79,59,121653248,0,0,0,2,2,4,178,68,2029,160616,0,1335,France,33,28,78,Men's National,5,3,0,0,0,0,0,0,0,0,0,0
28_09_2025,270674,0,,,,Alberto Costa,,153752,21,38,0,1,3,12,-1,-1,-1,-1,-1,6,5,0,0,0,77,85,1,81,60,73,70,72,73,13,8,12,5,8,79,56,69,77,48,71,76,75,72,78,49,64,74,74,81,77,72,60,83,81,60,74,59,66,65,69,75,72,46,0,0,0,0,1,1,2,186,79,2030,161721,0,236,FC Porto,20,3,308,Liga Portugal,1,3,0,0,0,0,0,0,0,0,0,0
28_09_2025,270821,0,,,,Mike Penders,,154423,20,7,0,2,0,-1,-1,-1,-1,-1,-1,45,0,0,0,0,77,86,1,79,76,79,77,22,74,79,76,83,74,78,12,8,27,55,9,9,10,14,30,21,27,62,42,59,64,26,72,10,17,30,33,70,29,30,41,10,8,55,15,0,0,0,0,0,0,2,200,95,2032,161390,0,76,Strasbourg,39,0,16,Ligue 1 McDonald's,1,4,0,0,0,0,0,0,0,0,0,0
28_09_2025,270857,0,,,,Mateus Fernandes,,154037,21,38,0,1,14,18,10,-1,-1,-1,-1,20,18,31,0,0,79,85,1,70,72,78,80,71,66,6,5,12,8,5,75,69,58,81,63,67,78,74,80,76,71,79,79,78,70,79,62,76,73,67,84,78,81,61,77,74,76,80,64,4202496,0,0,0,3,2,4,178,72,2030,161757,0,19,West Ham,18,15,13,Premier League,1,3,0,0,3,0,0,0,0,0,0,1
28_09_2025,271040,0,,,,Jaedyn Shaw,,154170,20,95,1,1,27,16,18,-1,-1,-1,-1,40,30,32,0,0,75,85,1,82,71,71,75,44,65,9,6,7,8,13,69,70,68,77,71,35,52,34,77,71,67,68,78,77,79,68,69,70,83,82,74,76,64,52,67,41,75,70,70,768,0,0,0,2,3,3,167,58,2029,161772,0,116310,Gotham FC,10,27,2221,NWSL,1,3,0,0,4,0,0,0,0,0,0,1
28_09_2025,271057,0,,,,Gustavo Sá,,154161,20,38,0,1,18,14,-1,-1,-1,-1,-1,31,20,0,0,0,75,86,1,75,70,75,74,70,75,12,10,13,6,7,69,69,68,77,68,69,74,70,74,77,68,75,75,74,81,68,80,68,74,78,76,75,74,76,76,69,75,78,69,524608,0,0,0,2,2,3,189,83,2029,160602,0,112809,FC Famalicão,20,18,308,Liga Portugal,1,3,0,0,4,0,0,0,0,0,0,1
28_09_2025,271266,0,,,,Givairo Read,,154729,19,34,0,1,3,12,-1,-1,-1,-1,-1,6,5,0,0,0,76,89,1,81,54,69,71,71,76,13,13,12,13,13,76,52,53,72,28,72,75,75,70,71,37,64,72,64,76,78,75,59,84,80,78,73,77,74,70,73,57,69,48,33558528,0,0,0,2,1,3,183,70,2030,161759,0,18,Tottenham,5,29,13,Premier League,1,3,0,0,0,0,0,0,0,0,0,0
28_09_2025,271421,0,,,,Désiré Doué,,154365,20,18,0,1,23,27,14,12,-1,-1,-1,135,37,36,38,18,85,91,3,83,80,77,90,55,74,9,12,7,5,13,76,78,47,81,68,52,62,52,91,82,68,74,91,86,75,80,78,84,85,82,90,85,88,61,91,59,81,78,71,54534272,0,8388608,0,4,4,4,181,79,2029,161380,0,73,Paris SG,14,23,16,Ligue 1 McDonald's,1,2,0,0,4,0,0,0,0,0,0,1
28_09_2025,271446,0,,,,Vicky López,,154783,19,45,1,1,18,23,14,25,-1,-1,-1,132,34,36,20,0,83,92,3,83,80,80,84,47,57,5,14,14,13,11,72,85,58,87,75,45,53,39,86,79,70,77,84,79,70,65,56,74,82,84,84,75,79,44,71,43,76,84,78,9445441,0,0,0,3,3,4,160,53,2028,161385,0,116325,FC Barcelona,19,23,2222,Liga F Moeve,1,3,0,0,8,0,0,0,0,0,1,1
28_09_2025,271800,0,,,,Yankuba Minteh,,154049,21,116,0,2,12,23,-1,-1,-1,-1,-1,26,23,0,0,0,81,86,1,94,69,72,83,55,57,9,8,7,11,8,79,76,40,74,54,58,60,50,85,70,44,57,80,69,61,71,47,63,94,94,92,79,80,63,80,55,80,79,57,2097152,0,33554432,0,3,3,3,180,65,2029,161332,0,1808,Brighton,11,12,13,Premier League,1,4,0,0,2,0,0,0,0,0,0,1
28_09_2025,271807,0,,,,Ethan Nwaneri,,155021,18,14,0,2,23,14,18,12,-1,-1,-1,35,37,19,33,0,77,87,1,82,70,74,78,50,54,14,11,8,12,9,78,71,42,76,59,47,58,43,81,76,60,70,77,72,59,66,51,71,81,83,81,74,83,45,77,52,73,75,59,1048577,0,0,0,2,2,3,180,73,2030,160681,0,219,OM,11,28,16,Ligue 1 McDonald's,1,3,0,0,1,0,0,0,0,0,0,0
28_09_2025,271860,0,,,,Ena Mahmutovic,,153837,21,21,1,1,0,-1,-1,-1,-1,-1,-1,145,0,0,0,0,79,85,1,76,75,75,81,48,79,76,75,75,79,81,20,13,12,13,17,10,20,13,18,11,25,37,12,56,60,30,50,20,50,45,53,78,56,20,49,11,5,62,14,1024,18,0,0,0,0,4,177,65,2027,161334,0,115995,FC Bayern München,32,0,2215,GPFBL,1,3,0,0,0,0,0,0,0,0,0,0
28_09_2025,271918,0,,,,Robin Risser,,154182,20,18,0,1,0,-1,-1,-1,-1,-1,-1,45,0,0,0,0,79,85,1,79,74,82,80,39,75,80,74,83,76,80,12,8,9,48,6,13,13,10,15,19,10,45,23,62,64,36,71,7,36,46,31,75,26,32,38,15,10,36,11,0,0,0,0,0,0,3,193,82,2030,161701,0,64,RC Lens,40,0,16,Ligue 1 McDonald's,1,3,0,0,0,0,0,0,0,0,0,0
28_09_2025,272012,0,,,,Silvia Lloris,,153981,21,45,1,1,5,7,-1,-1,-1,-1,-1,13,11,7,0,0,79,86,1,80,62,71,72,79,76,14,8,9,6,9,63,60,77,84,64,75,82,78,67,60,66,74,81,65,86,72,77,64,79,81,73,74,77,76,67,82,61,60,60,65536,0,0,0,2,2,4,168,65,2027,161336,0,116327,Atlético de Madrid,15,29,2222,Liga F Moeve,1,3,0,0,1,0,0,0,0,0,0,0
28_09_2025,272015,0,,,,Estela Carbonell,,154137,20,45,1,2,7,16,-1,-1,-1,-1,-1,10,9,30,0,0,76,85,1,83,51,71,73,74,69,7,11,14,13,13,73,47,74,77,67,77,74,70,74,51,42,68,73,60,88,67,76,46,82,83,80,69,56,51,65,72,57,72,49,134217728,0,0,0,2,2,4,169,57,2028,161698,0,116280,Juventus,3,28,2226,Women's ROW,1,3,0,0,0,0,0,0,0,0,0,0
28_09_2025,272049,0,,,,Ornella Vignola,,154119,20,45,1,1,16,12,25,27,-1,-1,-1,27,23,42,0,0,77,85,1,82,70,74,77,58,76,5,8,10,9,7,77,68,59,75,68,59,59,49,79,73,55,74,78,77,82,73,82,74,81,82,80,72,64,65,68,60,76,76,46,1052672,0,0,0,3,2,3,164,57,2030,161706,0,116016,Everton,18,25,2216,Barclays WSL,1,4,0,0,4,0,0,0,0,0,0,1
28_09_2025,272082,0,,,,Sandra Villafañe,,154472,20,45,1,1,5,-1,-1,-1,-1,-1,-1,48,11,0,0,0,73,86,1,72,25,56,60,75,64,11,15,12,8,9,34,22,69,81,25,78,77,76,51,31,20,67,78,38,76,62,62,19,72,72,56,70,34,72,68,71,20,44,35,32768,0,0,0,1,1,2,169,54,2028,161029,0,116334,Madrid CFF,4,5,2222,Liga F Moeve,1,1,0,0,0,0,0,0,0,0,0,0
28_09_2025,272094,0,,,,Fiamma Benítez,,154016,21,45,1,1,18,14,-1,-1,-1,-1,-1,31,34,20,0,0,82,90,1,79,75,80,81,60,72,7,15,12,12,13,72,81,59,85,62,52,67,57,82,67,72,83,84,66,77,86,73,73,83,76,79,80,76,56,70,63,85,83,76,16785664,0,0,0,3,3,3,168,58,2027,161340,0,116327,Atlético de Madrid,21,14,2222,Liga F Moeve,1,5,0,0,7,0,0,0,0,0,0,1
28_09_2025,272110,0,,,,Andrea Medina,,153977,21,45,1,2,7,16,-1,-1,-1,-1,-1,9,0,0,0,0,80,85,1,80,53,74,74,78,76,13,8,14,10,8,77,53,78,82,41,79,81,74,71,60,51,70,75,62,87,79,74,48,81,79,79,76,74,80,80,75,69,68,52,67928064,0,0,0,2,3,4,162,58,2031,160621,0,116327,Atlético de Madrid,3,7,2222,Liga F Moeve,1,5,0,0,1,0,0,0,0,0,0,0
28_09_2025,272127,0,,,,Maite Zubieta,,153994,21,45,1,1,14,5,10,-1,-1,-1,-1,20,13,15,0,0,78,85,1,68,68,75,77,72,69,6,12,13,13,7,65,73,60,81,55,73,77,72,79,65,76,86,85,67,68,77,67,72,64,72,72,77,47,66,65,71,68,69,53,1024,0,0,0,2,2,3,173,57,2029,160967,0,116328,Athletic Club,8,14,2222,Liga F Moeve,1,3,0,0,2,0,0,0,0,0,0,1
28_09_2025,272500,0,,,,Carlos Baleba,,153848,21,103,0,2,10,14,-1,-1,-1,-1,-1,149,18,0,0,0,81,91,3,74,70,74,79,78,80,11,6,8,14,13,65,64,68,81,67,77,82,79,81,75,51,80,79,85,81,82,80,76,76,76,75,79,78,81,80,83,68,77,51,4423684,768,0,0,3,4,5,183,77,2032,161713,0,115486,*TeamName_Abbr15_115486,25,28,13,Premier League,1,3,0,0,0,0,0,0,0,0,0,0
28_09_2025,272505,0,,,,Endrick,,154778,19,54,0,2,25,23,12,-1,-1,-1,-1,42,43,36,0,0,78,89,1,87,78,66,80,30,72,8,8,15,15,13,52,78,70,71,75,24,30,32,81,76,72,60,80,86,84,68,74,75,89,86,85,77,84,69,80,20,77,72,68,35651716,0,35651584,0,3,3,3,173,67,2031,161704,0,66,OL,9,23,16,Ligue 1 McDonald's,1,3,0,0,3,0,0,0,0,0,0,1
28_09_2025,272834,0,,,,João Neves,,154116,21,38,0,1,14,10,-1,-1,-1,-1,-1,118,20,16,0,0,87,92,4,74,74,81,85,84,83,8,7,5,13,13,67,73,84,87,84,83,87,82,86,76,72,87,88,79,88,92,79,74,77,71,85,86,86,86,85,86,81,86,60,67636256,256,16777216,0,2,2,4,174,66,2029,161368,0,1354,Portugal,87,13,78,Men's National,5,3,0,0,0,0,0,0,0,0,0,0
28_09_2025,272926,0,,,,Lucas Bergvall,,154609,19,46,0,1,14,18,12,10,-1,-1,-1,18,31,25,0,0,78,87,1,75,66,76,78,72,74,7,13,13,10,9,69,67,55,81,55,69,76,73,79,75,66,79,78,70,72,80,70,69,77,73,73,77,73,77,80,77,76,79,53,150994944,0,0,0,2,3,3,187,74,2031,161333,0,1363,Sweden,15,28,78,Men's National,5,3,0,0,0,0,0,0,0,0,0,0
28_09_2025,272978,0,,,,Jorrel Hato,,154642,19,34,0,2,7,5,10,-1,-1,-1,-1,8,47,13,0,0,78,87,1,85,41,70,74,75,73,8,5,5,13,9,66,39,73,79,37,75,77,74,70,59,31,75,78,56,91,69,73,30,87,84,76,79,78,72,78,77,61,67,35,33636864,256,0,0,1,1,3,182,76,2032,161731,0,5,Chelsea,21,28,13,Premier League,1,3,0,0,0,0,0,0,0,0,0,0
28_09_2025,273018,0,,,,Andrey Santos,,153969,21,54,0,1,14,10,-1,-1,-1,-1,-1,19,20,14,0,0,80,87,1,74,69,74,78,79,80,5,10,15,12,8,57,69,81,82,53,77,82,81,78,69,52,79,81,73,88,91,75,74,77,71,77,79,70,78,81,78,79,79,54,788496,0,0,0,2,2,3,180,77,2030,160791,0,5,Chelsea,17,28,13,Premier League,1,3,0,0,0,0,0,0,0,0,0,0
28_09_2025,273153,0,,,,Linda Caicedo,,154264,20,56,1,1,27,16,18,-1,-1,-1,-1,139,30,31,0,0,86,91,3,91,75,79,87,37,45,11,11,6,13,10,81,82,41,85,51,33,41,30,91,62,60,77,86,70,56,74,35,77,92,91,95,76,81,35,77,44,80,78,60,37756929,0,1048576,0,3,3,4,162,53,2031,160843,0,116326,Real Madrid,18,27,2222,Liga F Moeve,1,4,0,0,3,0,0,0,0,0,0,1
28_09_2025,273466,0,,,,Alyssa Thompson,,154157,20,95,1,1,16,12,27,-1,-1,-1,-1,30,27,26,0,0,82,89,1,87,75,76,83,41,63,13,10,7,8,11,78,87,64,78,59,35,45,38,84,71,58,69,85,66,76,75,62,63,85,88,88,81,81,46,65,34,81,80,68,38797376,0,0,0,3,3,3,163,58,2028,161764,0,116010,Chelsea,12,12,2216,Barclays WSL,1,3,0,0,6,0,0,0,0,0,1,1
28_09_2025,273520,0,,,,Maika Hamano,,153975,21,163,1,1,18,14,-1,-1,-1,-1,-1,33,32,19,0,0,79,87,1,76,72,70,81,51,54,8,14,7,11,10,50,77,58,79,76,48,56,43,80,54,60,76,83,62,67,68,54,68,76,76,83,75,89,33,65,50,80,78,67,5243137,0,0,0,3,2,4,165,50,2029,160966,0,116011,Tottenham,38,28,2216,Barclays WSL,1,3,0,0,2,0,0,0,0,0,0,1
28_09_2025,273946,0,,,,Korbin Shrader,,153766,21,95,1,1,14,10,18,-1,-1,-1,-1,21,16,0,0,0,83,90,1,74,76,79,80,71,74,8,11,12,10,6,65,72,59,87,59,63,76,65,81,59,66,85,84,81,73,78,73,84,71,76,72,79,61,70,80,82,80,85,68,1048576,0,0,0,2,2,3,172,62,2028,161701,0,116033,OL Lyonnes,8,15,2218,Arkema PL,1,3,0,0,5,0,0,0,0,0,0,1
28_09_2025,274246,0,,,,Lewis Miley,,154697,19,14,0,1,14,3,10,-1,-1,-1,-1,19,20,5,0,0,76,86,1,67,65,76,75,75,69,9,7,10,12,7,75,66,70,79,56,75,76,76,76,76,59,76,77,73,75,73,74,67,67,68,71,76,68,50,78,79,73,78,49,16896,0,0,0,2,2,4,193,80,2028,160827,0,13,Newcastle Utd,67,28,13,Premier League,1,3,0,0,1,0,0,0,0,0,0,0
28_09_2025,274288,0,,,,Oscar Gloukh,,153937,21,26,0,1,18,27,23,14,-1,-1,-1,31,33,34,39,36,77,85,1,82,72,71,83,35,48,6,8,13,13,5,68,75,52,76,66,38,32,28,84,74,68,65,82,74,60,74,36,73,87,79,87,69,85,45,78,28,70,77,68,5251520,0,0,0,3,4,4,171,68,2030,161729,0,245,Ajax,10,28,10,Eredivisie,1,3,0,0,5,0,0,0,0,0,0,1
28_09_2025,274786,0,,,,Sheika Scott,,154871,18,72,1,1,18,14,-1,-1,-1,-1,-1,31,0,0,0,0,70,85,1,72,62,62,76,46,54,15,6,13,7,13,45,61,63,69,38,38,41,38,77,47,48,66,78,66,65,69,51,68,71,73,81,50,88,38,59,59,67,69,51,0,0,0,0,2,2,3,157,57,2028,161708,0,116035,Paris FC,11,29,2218,Arkema PL,1,3,0,0,1,0,0,0,0,0,0,0
28_09_2025,275029,0,,,,Ibrahim Maza,,154539,19,97,0,1,18,14,-1,-1,-1,-1,-1,31,20,0,0,0,78,86,1,75,69,74,82,64,64,11,11,6,12,15,66,67,53,80,56,68,68,57,84,70,54,75,85,82,67,75,62,63,74,77,84,67,79,52,75,62,77,81,60,1056768,0,0,0,3,3,4,180,70,2030,161698,0,32,Leverkusen,30,28,19,Bundesliga,1,3,0,0,2,0,0,0,0,0,0,0
28_09_2025,275048,0,,,,Chemsdine Talbi,,154340,20,129,0,1,23,12,16,-1,-1,-1,-1,35,26,30,0,0,77,86,1,90,68,68,79,47,57,5,6,12,8,10,73,69,36,70,61,61,38,33,83,75,49,56,78,70,64,74,56,70,92,88,90,73,84,41,76,57,73,73,50,1048576,0,0,0,2,2,4,175,64,2030,161706,0,106,Sunderland,7,12,13,Premier League,1,3,0,0,3,0,0,0,0,0,0,1
28_09_2025,275050,0,,,,Kyriani Sabbe,,154237,20,7,0,1,3,7,12,-1,-1,-1,-1,6,10,0,0,0,72,85,1,75,62,69,71,66,71,9,12,14,6,13,74,61,61,73,69,66,70,68,70,70,46,69,73,70,76,78,65,61,80,72,74,66,88,76,64,67,65,65,41,134217728,0,0,0,1,1,3,172,68,2028,160786,0,231,Club Brugge,64,3,4,1A Pro League,1,4,0,0,0,0,0,0,0,0,0,0
28_09_2025,275138,0,,,,Lamine Camara,,153846,21,136,0,1,14,10,-1,-1,-1,-1,-1,20,16,0,0,0,79,85,1,79,69,80,79,71,72,13,12,15,12,9,80,65,48,84,52,72,76,74,80,74,75,81,80,77,69,82,66,76,82,79,79,79,80,75,78,74,75,78,55,1032,0,0,0,2,2,3,173,65,2029,161362,0,69,AS Monaco,15,15,16,Ligue 1 McDonald's,1,4,0,0,0,0,0,0,0,0,0,0
28_09_2025,275192,0,,,,Luka Vušković,,154996,18,10,0,1,5,-1,-1,-1,-1,-1,-1,13,12,0,0,0,78,88,1,59,62,62,63,78,80,9,11,7,13,12,38,61,84,78,43,77,80,77,64,38,53,75,70,78,85,69,85,60,53,64,44,74,43,78,66,75,50,55,53,525360,4096,0,0,1,2,3,193,86,2030,161668,0,28,Hamburger SV,44,5,19,Bundesliga,1,4,0,0,5,0,0,0,0,0,0,1
28_09_2025,275298,0,,,,Aleksandar Pavlović,,153969,21,21,0,1,10,14,-1,-1,-1,-1,-1,17,15,20,0,0,81,87,1,62,64,81,79,77,73,6,9,15,9,7,73,68,71,86,67,81,77,77,78,73,68,86,84,64,79,77,76,65,69,56,72,83,70,59,79,77,62,81,51,2048,2048,0,0,2,2,4,188,78,2029,160911,0,1337,Germany,45,11,78,Men's National,5,3,0,0,0,0,0,0,0,0,0,0
28_09_2025,275324,0,,,,Assane Diao,,154461,20,136,0,1,16,12,27,-1,-1,-1,-1,30,27,26,0,0,77,87,1,90,74,67,77,36,62,7,7,12,8,11,69,79,43,69,65,37,33,34,79,58,57,64,80,68,65,77,57,76,90,90,82,70,72,61,66,40,75,70,61,35651585,0,0,0,3,3,4,185,80,2029,161523,0,1745,Como,38,29,31,Serie A Enilive,1,5,0,0,0,0,0,0,0,0,0,0
28_09_2025,275328,0,,,,Can Uzun,,154526,19,48,0,1,18,25,14,-1,-1,-1,-1,31,32,43,19,0,78,86,1,69,78,72,80,38,63,5,7,15,10,9,61,79,61,78,74,42,31,28,81,84,59,70,81,78,74,67,66,79,78,64,80,76,78,50,79,36,78,77,69,5243009,0,0,0,3,3,4,186,70,2029,161334,0,1824,Frankfurt,42,29,19,Bundesliga,1,3,0,0,6,0,0,0,0,0,0,1
28_09_2025,275906,0,,,,Aoba Fujino,,153872,21,163,1,1,23,12,-1,-1,-1,-1,-1,37,26,0,0,0,79,88,1,78,74,76,80,23,56,10,6,11,6,7,80,76,59,81,64,18,20,17,81,60,61,69,80,77,70,76,58,71,77,80,84,75,84,27,66,20,77,80,62,0,0,0,0,2,2,4,162,56,2027,161368,0,131125,Badalona Women,15,29,2222,Liga F Moeve,1,3,0,0,5,0,0,0,0,0,0,1
28_09_2025,276098,0,,,,Giulia Dragoni,,154887,18,27,1,1,14,18,10,-1,-1,-1,-1,18,0,0,0,0,73,90,1,74,73,63,75,67,65,8,10,5,8,14,30,75,60,78,54,63,74,62,77,46,65,72,78,73,72,72,64,75,75,74,70,67,68,55,63,69,72,68,67,32768,0,0,0,2,2,3,165,55,2027,161036,0,116282,Roma,15,13,2226,Women's ROW,1,3,0,0,0,0,0,0,0,0,0,0
28_09_2025,276216,0,,,,Ezechiel Banzuzi,,154258,20,34,0,1,14,10,18,-1,-1,-1,-1,18,14,0,0,0,72,85,1,66,62,66,71,64,73,14,5,14,6,12,52,61,71,76,45,59,69,62,74,50,43,73,76,72,81,74,74,66,67,67,58,72,53,70,62,66,68,69,46,524288,0,0,0,1,1,3,191,80,2030,161668,0,112172,RB Leipzig,6,28,19,Bundesliga,1,3,0,0,0,0,0,0,0,0,0,0
28_09_2025,276285,0,,,,Wieke Kaptein,,154452,20,34,1,1,18,14,-1,-1,-1,-1,-1,31,32,20,0,0,79,89,1,68,71,72,77,69,69,5,14,8,10,7,42,72,62,82,53,61,76,66,78,59,61,83,81,68,70,77,67,77,68,68,69,80,71,62,65,75,80,81,58,0,0,0,0,2,2,3,173,64,2027,161032,0,116010,Chelsea,18,18,2216,Barclays WSL,1,3,0,0,2,0,0,0,0,0,0,1
28_09_2025,276299,0,,,,Michelle Agyemang,,154610,19,14,1,1,25,-1,-1,-1,-1,-1,-1,42,41,44,0,0,76,89,1,71,77,59,75,60,77,6,7,14,5,13,38,80,73,71,65,58,63,55,78,56,46,58,79,79,86,70,83,71,73,69,58,75,59,68,67,53,77,65,70,536870912,0,0,0,2,2,3,169,65,2027,160709,0,116003,1. FC Köln,24,29,2215,GPFBL,1,3,0,0,1,0,0,0,0,0,0,0
28_09_2025,276350,0,,,,Iman Beney,,154780,19,47,1,1,12,14,23,-1,-1,-1,-1,25,0,0,0,0,67,85,1,72,67,60,68,26,52,9,6,5,13,12,56,74,68,70,55,18,30,26,68,48,45,54,73,64,65,67,53,60,70,73,70,58,62,25,55,10,68,60,59,0,0,0,0,2,2,3,160,52,2029,161698,0,116017,Manchester City,24,29,2216,Barclays WSL,1,3,0,0,2,0,0,0,0,0,0,1
28_09_2025,276507,0,,,,Loreen Bender,,154444,20,21,1,1,12,23,-1,-1,-1,-1,-1,25,23,0,0,0,74,87,1,74,69,70,79,50,55,8,6,7,13,12,71,74,54,72,66,42,59,45,80,67,52,64,83,68,64,57,54,64,77,72,84,68,59,52,63,49,70,73,55,16785408,0,0,0,3,3,3,168,57,2027,160967,0,115996,Leverkusen,19,12,2215,GPFBL,1,3,0,0,4,0,0,0,0,0,0,1
28_09_2025,276528,0,,,,Claudio Echeverri,,154578,19,52,0,1,18,14,16,25,-1,-1,-1,32,19,30,0,0,74,85,1,84,66,71,80,38,47,9,12,6,13,11,70,67,40,73,60,32,44,37,81,78,70,69,75,69,53,57,41,72,87,82,92,71,92,54,72,39,68,70,52,0,0,0,0,2,2,3,170,65,2028,161175,0,110062,Girona FC,14,28,53,LALIGA EA SPORTS,1,4,0,0,1,0,0,0,0,0,0,0
28_09_2025,276552,0,,,,Olivia Smith,,154063,21,70,1,1,25,12,18,-1,-1,-1,-1,43,41,42,26,0,79,89,1,79,78,69,82,24,66,6,14,11,12,12,63,80,72,77,68,21,21,17,85,67,55,70,83,78,84,64,72,76,81,77,76,79,75,47,75,14,80,65,75,1048577,0,0,0,3,3,4,163,54,2029,161714,0,116009,Arsenal,15,28,2216,Barclays WSL,1,5,0,0,5,0,0,0,0,0,0,1
28_09_2025,276602,0,,,,Assan Ouédraogo,,154705,19,21,0,1,14,18,10,-1,-1,-1,-1,18,31,0,0,0,74,86,1,76,66,69,81,53,70,8,10,6,11,6,56,66,65,81,52,52,54,44,83,58,47,70,80,70,81,67,77,68,76,76,83,74,77,52,76,55,74,76,56,1056768,2048,0,0,3,2,4,191,89,2029,161333,0,112172,RB Leipzig,20,29,19,Bundesliga,1,3,0,0,3,0,0,0,0,0,0,1
28_09_2025,276694,0,,,,Johan Manzambi,,154498,19,47,0,1,14,10,18,-1,-1,-1,-1,20,16,0,0,0,75,85,1,78,66,69,80,67,70,8,10,8,13,9,58,71,59,78,59,67,69,69,83,53,39,74,79,70,75,77,68,61,81,75,80,74,78,67,69,69,73,74,54,1048576,0,0,0,3,3,3,183,75,2030,161333,0,25,SC Freiburg,44,11,19,Bundesliga,1,3,0,0,3,0,0,0,0,0,0,1
28_09_2025,276711,0,,,,Nahia Aparicio,,153852,21,45,1,1,5,-1,-1,-1,-1,-1,-1,13,11,0,0,0,76,86,1,64,39,64,60,76,73,14,6,12,7,12,50,31,77,80,40,78,75,77,46,56,35,75,76,53,82,64,77,41,61,67,60,79,66,75,67,73,41,53,40,524288,0,0,0,1,1,2,168,57,2027,160979,0,116336,Real Sociedad,4,4,2222,Liga F Moeve,1,3,0,0,1,0,0,0,0,0,0,0
28_09_2025,276825,0,,,,Melween N'Dongala,,154095,21,18,1,1,3,12,-1,-1,-1,-1,-1,5,0,0,0,0,79,85,1,81,40,66,77,79,74,14,11,14,13,13,72,38,76,79,27,78,84,82,78,55,37,67,80,47,89,69,79,35,80,82,75,70,74,65,70,72,56,48,42,268435456,0,0,0,2,2,3,166,58,2029,160967,0,116035,Paris FC,18,3,2218,Arkema PL,1,4,0,0,0,0,0,0,0,0,0,0
28_09_2025,277031,0,,,,Abdukodir Khusanov,,153905,21,191,0,1,5,-1,-1,-1,-1,-1,-1,11,0,0,0,0,79,86,1,86,39,61,65,78,78,12,7,9,8,5,47,35,76,73,38,77,80,78,62,48,40,68,70,49,89,67,82,36,81,92,64,77,59,81,70,81,44,58,47,268451840,0,0,0,1,1,3,186,84,2029,161536,0,10,Manchester City,45,29,13,Premier League,1,3,0,0,0,0,0,0,0,0,0,0
28_09_2025,277039,0,,,,Alara,,154907,18,21,1,2,12,18,23,-1,-1,-1,-1,25,24,32,0,0,74,87,1,71,73,73,74,59,69,12,5,15,12,9,70,74,51,75,57,55,66,54,73,68,68,73,77,74,68,67,74,76,67,74,73,70,66,57,69,59,72,74,67,0,0,0,0,2,3,3,174,60,2030,161759,0,116016,Everton,15,29,2216,Barclays WSL,1,3,0,0,3,0,0,0,0,0,0,0
28_09_2025,277427,0,,,,Nico O'Reilly,,154291,20,14,0,2,7,14,16,-1,-1,-1,-1,9,47,18,0,0,80,86,1,83,70,77,77,77,77,7,13,8,7,12,80,68,78,79,63,76,79,75,80,75,59,74,77,79,86,76,78,69,79,86,75,78,69,75,78,77,73,78,63,16777220,0,0,0,2,2,2,193,77,2030,160237,0,1318,England,33,7,78,Men's National,5,3,0,0,0,0,0,0,0,0,0,0
28_09_2025,277482,0,,,,Leo Sauer,,154561,19,43,0,1,27,16,-1,-1,-1,-1,-1,38,39,0,0,0,73,86,1,88,63,65,76,40,60,8,6,9,14,12,68,66,40,69,55,40,46,35,81,64,50,63,75,65,65,73,62,62,86,91,83,69,77,38,64,34,63,64,56,1048576,0,0,0,3,2,3,183,73,2028,160967,0,246,Feyenoord,16,29,10,Eredivisie,1,3,0,0,3,0,0,0,0,0,0,1
28_09_2025,277581,0,,,,Samu,,153971,21,45,0,1,25,-1,-1,-1,-1,-1,-1,41,0,0,0,0,80,87,1,79,79,58,68,36,83,11,12,11,8,8,50,83,83,68,70,30,33,21,71,57,50,57,72,82,94,75,91,73,75,85,57,79,50,74,74,34,83,55,60,536870928,0,0,0,2,2,3,193,90,2029,161390,0,236,FC Porto,9,29,308,Liga Portugal,1,3,0,0,13,0,0,0,0,0,1,1
28_09_2025,277633,0,,,,Riley Jackson,,154547,19,95,1,1,14,10,-1,-1,-1,-1,-1,18,15,0,0,0,73,87,1,64,64,72,74,65,57,7,12,9,11,9,71,61,59,78,61,65,68,57,76,69,70,70,82,68,59,68,47,68,70,61,64,69,67,66,68,70,71,68,64,0,0,0,0,1,1,3,172,57,2028,160994,0,116303,NC Courage,16,9,2221,NWSL,1,3,0,0,2,0,0,0,0,0,0,1
28_09_2025,277643,0,,,,Lamine Yamal,,155135,18,45,0,2,23,12,-1,-1,-1,-1,-1,136,35,126,0,0,90,95,5,86,83,87,91,25,60,9,13,7,10,7,89,83,33,88,70,23,27,28,92,91,69,84,92,83,64,73,60,86,88,84,94,88,83,45,84,18,88,89,76,37757313,0,1048576,0,4,4,3,180,72,2031,160602,0,1362,Spain,10,23,78,Men's National,5,3,0,0,0,0,0,0,0,0,0,0
28_09_2025,277689,0,,,,Conrad Harder,,154308,20,13,0,2,25,18,27,-1,-1,-1,-1,41,42,44,32,39,76,85,1,75,77,66,72,30,76,13,8,12,8,9,65,76,76,71,66,31,22,23,74,73,55,59,73,85,89,64,81,81,76,75,72,73,69,78,73,25,75,70,63,536870916,0,0,0,2,2,3,185,71,2030,161760,0,1331,Denmark,9,28,78,Men's National,5,3,0,0,0,0,0,0,0,0,0,0
28_09_2025,277699,0,,,,Sydney Schertenleib,,154971,18,47,1,1,18,14,27,25,-1,-1,-1,32,19,38,0,0,76,91,1,77,63,71,77,53,68,9,15,12,9,8,63,60,62,81,55,46,57,50,80,46,48,77,82,66,78,60,74,74,77,77,75,71,68,58,60,57,73,76,58,1048576,0,0,0,2,2,3,178,63,2027,161457,0,116325,FC Barcelona,6,13,2222,Liga F Moeve,1,3,0,0,4,0,0,0,0,0,0,0
28_09_2025,277846,0,,,,Nico Paz,,154097,21,52,0,2,18,14,-1,-1,-1,-1,-1,31,32,0,0,0,82,89,1,79,75,79,83,51,65,14,10,15,12,8,72,77,48,84,62,36,65,45,87,72,72,81,86,73,68,77,68,79,78,80,80,76,61,43,78,59,75,81,61,1057025,0,0,0,3,3,3,186,81,2028,161389,0,1369,Argentina,14,29,78,Men's National,5,3,0,0,0,0,0,0,0,0,0,0
28_09_2025,277869,0,,,,Michael Kayode,,154037,21,27,0,1,3,12,-1,-1,-1,-1,-1,5,0,0,0,0,81,85,1,83,41,71,76,78,78,9,8,8,14,14,80,33,69,75,50,79,80,78,77,73,34,64,75,54,84,81,78,39,84,82,78,79,71,75,76,80,72,72,40,16384,0,134217728,0,2,2,3,179,70,2030,161668,0,1925,Brentford,33,3,13,Premier League,1,5,0,0,1,0,0,0,0,0,0,0
28_09_2025,277909,0,,,,Eli Junior Kroupi,,154750,19,18,0,1,25,18,-1,-1,-1,-1,-1,43,42,32,41,0,78,91,1,80,79,68,79,48,60,14,6,7,13,13,57,81,72,77,77,42,55,46,81,70,56,70,82,80,85,67,59,79,82,81,76,79,72,49,78,39,80,68,74,193,0,0,0,3,4,4,179,70,2030,161715,0,115486,*TeamName_Abbr15_115486,26,28,13,Premier League,1,3,0,0,8,0,0,0,0,0,0,1
28_09_2025,277926,0,,,,Manaka Matsukubo,,154055,21,163,1,1,25,18,-1,-1,-1,-1,-1,142,43,32,0,0,79,88,1,72,78,71,81,50,65,7,6,6,11,6,61,86,69,84,71,40,57,40,80,57,60,64,86,69,75,69,67,78,71,73,76,81,80,59,66,53,84,70,67,0,0,0,0,2,2,4,155,48,2026,160966,0,116303,NC Courage,34,18,2221,NWSL,1,3,0,0,11,1,4,0,0,0,1,1
28_09_2025,277927,0,,,,Melanie Barcenas,,155244,17,95,1,2,16,18,27,-1,-1,-1,-1,27,28,32,0,0,72,86,1,68,64,67,75,50,61,6,13,13,8,9,65,66,66,78,55,36,63,51,78,46,53,67,81,63,71,64,61,66,71,66,72,65,55,60,62,46,68,63,54,1048576,0,0,0,3,3,4,165,58,2026,160905,0,116312,San Diego Wave,7,29,2221,NWSL,1,3,0,0,1,0,0,0,0,0,0,0
28_09_2025,277951,0,,,,Lily Yohannes,,155104,18,95,1,1,14,10,18,-1,-1,-1,-1,21,16,0,0,0,77,90,1,72,74,72,80,66,65,8,7,12,10,12,59,74,56,79,56,66,69,63,83,59,56,75,81,80,68,75,61,78,71,73,77,73,67,63,63,69,70,78,58,0,0,0,0,2,1,2,173,59,2028,161704,0,116033,OL Lyonnes,20,28,2218,Arkema PL,1,3,0,0,3,0,0,0,0,0,0,0
28_09_2025,277954,0,,,,Kenan Yıldız,,154335,20,48,0,1,18,16,27,14,-1,-1,-1,31,33,32,30,39,81,89,1,84,79,76,84,40,66,14,14,6,8,14,77,79,74,77,78,32,36,50,88,80,70,70,87,80,83,72,68,79,86,84,84,77,74,50,77,39,79,80,73,1053056,0,0,0,3,3,5,185,75,2029,160857,0,45,Juventus,10,19,31,Serie A Enilive,1,5,0,0,9,0,0,0,0,0,1,1
28_09_2025,278046,0,,,,Pau Cubarsí,,154963,18,45,0,1,5,-1,-1,-1,-1,-1,-1,13,11,0,0,0,83,88,3,73,42,67,78,83,76,10,6,14,7,14,32,41,84,86,41,83,84,83,78,22,33,86,82,51,87,70,77,35,72,74,67,83,62,80,80,83,54,75,41,1024,0,0,0,1,1,4,183,79,2029,160967,0,241,FC Barcelona,5,4,53,LALIGA EA SPORTS,1,3,0,0,1,0,0,0,0,0,0,0
28_09_2025,278061,0,,,,Tidiam Gomis,,154796,19,18,0,1,16,12,25,27,-1,-1,-1,30,27,26,42,0,70,85,1,85,59,60,73,30,52,15,14,13,10,13,63,62,34,60,53,26,37,34,76,62,42,52,75,65,56,57,54,45,82,89,79,57,77,42,70,27,73,69,60,0,0,0,0,3,2,3,183,71,2030,161550,0,110500,Braunschweig,14,29,20,Bundesliga 2,2,3,0,0,1,0,0,0,0,0,0,0
28_09_2025,278194,0,,,,Lucía Corrales,,154539,19,45,1,2,7,16,-1,-1,-1,-1,-1,9,0,0,0,0,74,85,1,77,52,69,75,71,64,8,9,13,6,9,70,60,60,75,32,73,72,71,78,72,70,67,78,45,74,74,62,47,77,80,79,60,50,55,56,75,61,61,39,135266304,0,0,0,3,2,3,172,60,2030,161768,0,132176,London City,7,29,2216,Barclays WSL,1,2,0,0,0,0,0,0,0,0,0,0
28_09_2025,278195,0,,,,Olaya Rodríguez,,154489,19,45,1,1,18,27,14,-1,-1,-1,-1,31,38,18,0,0,73,85,1,75,65,71,72,52,63,13,11,8,12,10,71,60,65,74,35,41,60,51,73,69,76,67,76,74,69,71,56,75,75,75,72,73,70,70,60,50,72,73,71,0,0,0,0,2,2,2,164,51,2028,161698,0,131720,RC Deportivo,8,14,2222,Liga F Moeve,1,3,0,0,0,0,0,0,0,0,0,0
28_09_2025,278225,0,,,,Tara Elimbi Gilbert,,154371,20,18,1,2,7,16,-1,-1,-1,-1,-1,10,9,27,0,0,77,85,1,80,39,67,70,73,58,9,14,10,12,7,77,39,63,75,29,78,72,68,64,55,49,57,79,42,64,88,44,35,80,80,76,75,74,55,58,74,55,56,39,2097152,0,0,0,2,1,3,162,55,2027,160821,0,116034,Paris SG,20,16,2218,Arkema PL,1,5,0,0,2,0,0,0,0,0,0,1
28_09_2025,278318,0,,,,Aleksandar Stanković,,154426,20,51,0,1,10,14,5,-1,-1,-1,-1,15,18,13,0,0,73,85,1,66,66,68,67,70,69,15,14,14,13,9,53,62,72,75,50,70,71,70,65,48,66,75,73,78,75,72,65,72,67,66,60,73,61,75,71,70,65,72,49,589832,0,0,0,2,2,3,185,80,2029,161721,0,231,Club Brugge,25,13,4,1A Pro League,1,3,0,0,4,0,0,0,0,0,0,0
28_09_2025,278340,0,,,,Pietro Comuzzo,,154262,20,27,0,1,5,-1,-1,-1,-1,-1,-1,12,11,0,0,0,75,86,1,61,30,51,58,78,70,14,8,15,7,6,44,30,75,67,24,80,77,75,49,31,20,51,69,42,75,69,66,23,61,62,52,76,65,79,72,79,26,44,24,0,0,0,0,1,1,2,185,75,2028,160967,0,110374,Fiorentina,15,28,31,Serie A Enilive,1,3,0,0,1,0,0,0,0,0,0,0
28_09_2025,278349,0,,,,Dean Huijsen,,154315,20,45,0,1,5,-1,-1,-1,-1,-1,-1,13,12,0,0,0,82,88,3,71,55,72,72,82,76,12,7,14,14,8,50,45,83,85,41,81,83,82,73,65,49,83,81,71,86,68,79,64,68,74,53,81,33,79,78,81,59,75,68,820224,0,0,0,1,1,5,196,86,2030,161668,0,1362,Spain,21,6,78,Men's National,5,3,0,0,0,0,0,0,0,0,0,0
28_09_2025,278499,0,,,,Alejandro Granados,,154726,19,45,0,2,14,18,10,-1,-1,-1,-1,18,0,0,0,0,65,85,1,68,58,68,67,49,54,6,10,10,13,5,62,52,50,74,61,53,49,44,69,72,68,67,70,70,57,60,52,67,70,67,66,60,67,51,63,49,60,68,45,0,0,0,0,1,1,4,180,78,2027,161344,0,231,Club Brugge,70,29,4,1A Pro League,1,3,0,0,0,0,0,0,0,0,0,0
28_09_2025,278567,0,,,,João Costa,,154298,20,38,0,2,12,16,7,3,-1,-1,-1,24,23,28,10,0,72,86,1,87,69,63,72,49,58,9,12,7,10,11,68,65,49,64,73,46,53,47,74,70,60,58,76,74,68,73,59,77,90,87,71,64,62,38,66,53,68,62,72,0,0,0,0,2,1,3,178,69,2028,161396,0,112096,Al Ettifaq,18,16,350,Saudi Pro League,1,3,0,0,0,0,0,0,0,0,0,0
28_09_2025,278661,0,,,,Yarek,,154223,20,45,0,2,5,7,-1,-1,-1,-1,-1,11,7,0,0,0,76,85,1,66,52,65,67,77,73,9,8,10,6,11,53,50,76,76,41,78,77,77,63,50,34,73,71,60,81,67,74,55,64,68,67,76,67,74,70,77,40,67,53,0,0,0,0,1,1,3,192,75,2030,161707,0,247,PSV,3,28,10,Eredivisie,1,1,0,0,3,0,0,0,0,0,0,0
28_09_2025,278773,0,,,,Myles Lewis-Skelly,,154845,19,14,0,2,7,14,-1,-1,-1,-1,-1,47,8,18,0,0,78,87,1,74,60,74,77,76,78,11,10,6,12,9,73,56,74,78,58,76,78,75,77,74,45,75,78,69,84,75,79,63,75,73,69,77,84,81,79,77,72,76,55,16777216,0,0,0,2,1,3,178,72,2030,161063,0,106,Sunderland,4,28,13,Premier League,1,3,0,0,0,0,0,0,0,0,0,0
28_09_2025,278780,0,,,,Finn Jeltsch,,154774,19,21,0,1,5,-1,-1,-1,-1,-1,-1,11,0,0,0,0,74,87,1,69,38,57,63,74,73,9,12,9,6,5,45,33,69,69,29,73,80,75,60,43,33,64,67,53,77,67,76,35,64,73,59,72,65,71,66,73,41,54,48,0,0,0,0,1,1,4,187,86,2030,161550,0,36,VfB Stuttgart,29,4,19,Bundesliga,1,4,0,0,0,0,0,0,0,0,0,0
28_09_2025,278901,0,,,,Ayyoub Bouaddi,,155216,17,18,0,1,10,14,-1,-1,-1,-1,-1,14,17,49,20,0,77,86,1,75,58,73,76,72,73,9,7,12,12,8,59,59,67,81,46,69,77,68,77,62,52,79,78,61,78,78,73,56,76,74,69,73,64,68,76,76,67,79,54,1048576,0,0,0,2,2,3,186,72,2029,161018,0,65,LOSC Lille,32,9,16,Ligue 1 McDonald's,1,4,0,0,0,0,0,0,0,0,0,0
28_09_2025,278903,0,,,,Jérémy Jacquet,,154405,20,18,0,1,5,-1,-1,-1,-1,-1,-1,13,11,0,0,0,76,85,1,64,38,59,62,75,76,10,11,10,14,13,45,36,76,73,23,76,79,76,61,49,28,66,67,44,82,64,81,37,57,70,53,72,53,79,68,72,41,53,42,0,0,0,0,1,1,2,188,77,2029,160683,0,74,Stade Rennais FC,97,29,16,Ligue 1 McDonald's,1,3,0,0,0,0,0,0,0,0,0,0
28_09_2025,279015,0,,,,Victor Froholdt,,154632,19,13,0,1,14,10,18,-1,-1,-1,-1,22,16,0,0,0,78,88,1,77,69,74,77,76,77,13,8,5,6,10,67,69,59,80,62,80,79,76,80,66,56,74,78,73,73,91,67,68,78,77,77,82,75,84,78,79,80,76,60,8192,0,0,0,2,3,4,187,74,2030,161720,0,236,FC Porto,8,13,308,Liga Portugal,1,5,0,0,4,0,0,0,0,0,0,1
28_09_2025,279044,0,,,,Geovany Quenda,,155061,18,38,0,2,12,16,18,23,-1,-1,-1,23,27,33,0,0,77,88,1,85,64,73,79,41,67,7,12,11,15,10,71,64,36,74,66,47,42,37,82,72,71,72,82,68,66,76,68,65,88,83,84,64,81,55,70,40,74,75,56,1061120,0,0,0,3,4,4,172,71,2027,161316,0,237,Sporting CP,7,28,308,Liga Portugal,1,3,0,0,1,0,0,0,0,0,0,0
28_09_2025,279173,0,,,,Franco Mastantuono,,155167,18,52,0,2,12,23,18,-1,-1,-1,-1,26,25,36,32,0,78,88,1,76,71,75,80,50,66,7,13,10,6,9,72,70,48,78,65,50,51,49,83,74,75,72,80,73,67,74,61,73,79,74,82,75,80,70,79,54,76,78,71,8,0,0,0,2,2,3,178,74,2031,161742,0,1943,AFC Bournemouth,14,29,13,Premier League,1,3,0,0,1,0,0,0,0,0,0,0
28_09_2025,279202,0,,,,Francesco Camarda,,155376,17,27,0,1,25,-1,-1,-1,-1,-1,-1,41,0,0,0,0,66,87,1,67,66,51,66,24,54,11,9,15,12,15,42,69,67,61,61,18,22,16,68,50,42,49,69,68,66,55,61,64,65,68,66,61,66,40,59,22,61,48,76,0,0,0,0,2,2,3,184,77,2027,161453,0,347,Lecce,22,29,31,Serie A Enilive,1,3,0,0,1,0,0,0,0,0,0,0
28_09_2025,279604,0,,,,Jauregizar,,153797,21,45,0,1,14,10,-1,-1,-1,-1,-1,18,0,0,0,0,80,87,1,72,72,76,79,76,79,6,9,5,13,6,65,74,65,81,60,76,80,68,77,73,69,80,80,76,77,87,75,77,75,71,78,83,83,84,79,83,74,82,55,67305472,0,0,0,2,1,4,177,74,2031,160967,0,448,Athletic Club,18,11,53,LALIGA EA SPORTS,1,2,0,0,2,0,0,0,0,0,0,1
28_09_2025,279699,0,,,,Claire Hutton,,154587,19,95,1,2,14,10,-1,-1,-1,-1,-1,19,20,15,0,0,75,85,1,64,65,70,77,70,68,14,10,12,5,7,61,60,55,80,56,67,75,68,81,52,57,71,83,68,66,73,69,76,63,66,56,70,69,68,68,77,69,72,50,524288,0,0,0,2,3,4,168,60,2026,161923,0,131477,Bay FC,8,29,2221,NWSL,1,3,0,0,0,0,0,0,0,0,0,0
